id,url,title,created_date,upvotes,comments,awards
t3_x4st5o,https://www.reddit.com/r/roblox/comments/x4st5o/the_new_roblox/,"The ""New"" Roblox",2 days ago,3.0k,436,3
t3_x3gp7l,https://www.reddit.com/r/GoCommitDie/comments/x3gp7l/love_isnt_real_roblox/,love isn't real roblox,3 days ago,3.7k,223,2
t3_x42jxu,https://www.reddit.com/r/roblox/comments/x42jxu/what_are_you_thoughts_on_this_roblox_logo_redesign/,What are you thoughts on this Roblox logo redesign?,2 days ago,1.1k,354,5
t3_x0uui3,https://www.reddit.com/r/roblox/comments/x0uui3/robloxs_newest_logo_was_made_official_as_the_hq/,"Roblox's newest logo was made official, as the HQ logo was changed...",6 days ago,1.8k,245,3
t3_x236x0,https://www.reddit.com/r/roblox/comments/x236x0/i_hate_corporate_roblox_they_just_do_dumb_shit/,"I hate corporate Roblox, they just do dumb shit like this which won't change snythi for the better or the worse, they just ruin Thier relationship with the community more and more for ""the metaverse""",5 days ago,1.5k,231,3
t3_x4og0x,https://www.reddit.com/r/roblox/comments/x4og0x/best_game_on_roblox_in_your_opinion/,Best game on Roblox in your opinion?,2 days ago,341,423,0
t3_x1gb0c,https://www.reddit.com/r/roblox/comments/x1gb0c/roblox_logo_evolution_19892022/,Roblox Logo Evolution (1989‚Äì2022),6 days ago,1.5k,233,0
t3_wtvo5l,https://www.reddit.com/r/F1Game/comments/wtvo5l/roblox_formula_hotlap_7th_in_wr_pls_dont_bash_me/,Roblox Formula Hotlap 7th in WR. Pls dont bash me because im too broke to spend another F1 Game.,15 days ago,3.7k,228,6
t3_x3yw0d,https://www.reddit.com/r/woooosh/comments/x3yw0d/average_roblox_twitter_user/,average roblox twitter user,3 days ago,5.2k,80,0
t3_wxkz7g,https://www.reddit.com/r/cursedcomments/comments/wxkz7g/cursed_robloxlogo/,Cursed_RobloxLogo,10 days ago,14.5k,84,5
t3_wnrxfk,https://www.reddit.com/r/roblox/comments/wnrxfk/first_game_you_played_when_you_joined_roblox/,First game you played when you joined roblox?,22 days ago,493,949,2
t3_wxpjwm,https://www.reddit.com/r/roblox/comments/wxpjwm/roblox_is_honestly_dead_to_me/,Roblox is honestly dead to me,10 days ago,753,290,2
t3_x1lnek,https://www.reddit.com/r/CringetopiaRM/comments/x1lnek/roblox_chat/,Roblox chat,5 days ago,2.1k,121,0
t3_wxvq0m,https://www.reddit.com/r/GoCommitDie/comments/wxvq0m/roblox/,Roblox ‚òï,10 days ago,5.9k,97,2
t3_x5qqj2,https://www.reddit.com/r/GoCommitDie/comments/x5qqj2/roblox_face_hierarchy/,Roblox face hierarchy,9 hours ago,771,147,0
t3_wxclpi,https://www.reddit.com/r/roblox/comments/wxclpi/i_miss_the_roblox_egghunts/,I miss the Roblox Egghunts:(,11 days ago,2.0k,195,6
t3_wwno1p,https://www.reddit.com/r/roblox/comments/wwno1p/i_was_playing_roblox_and_this_showed_up/,i was playing Roblox and this showed up,11 days ago,1.2k,236,0
t3_wfy8ip,https://www.reddit.com/r/roblox/comments/wfy8ip/what_is_the_most_coolest_thing_to_add_on_roblox/,what is the most coolest thing to add on roblox if you were the owner?,1 month ago,1.6k,914,7
t3_wt2ts7,https://www.reddit.com/r/roblox/comments/wt2ts7/i_asked_11_players_their_nationalities_in_a/,I asked 11 players their nationalities in a Roblox server,16 days ago,2.2k,253,
t3_wxyyud,https://www.reddit.com/r/roblox/comments/wxyyud/roblox_no_one_cares_about_the_metaverse/,"Roblox, no one cares about the ‚Äúmetaverse‚Äù.",10 days ago,612,221,2
t3_whqrsu,https://www.reddit.com/r/roblox/comments/whqrsu/drew_a_couple_of_roblox_characters_recently/,"Drew a couple of roblox characters recently, comment your username if you want a chance to be drawn",1 month ago,1.5k,585,14
t3_wtepf4,https://www.reddit.com/r/whenthe/comments/wtepf4/netflix_hbo_max_roblox_minecraft_and_youtube/,"Netflix, HBO max, Roblox, Minecraft and Youtube",15 days ago,3.4k,119,0
t3_x01d0e,https://www.reddit.com/r/roblox/comments/x01d0e/what_are_some_of_the_best_roblox_horror_games/,What are some of the best Roblox Horror games?,7 days ago,272,245,
t3_x4djwh,https://www.reddit.com/r/GoCommitDie/comments/x4djwh/why_are_people_saying_that_the_new_roblox_logo_is/,Why are people saying that the new Roblox logo is bad?,2 days ago,1.6k,61,0
t3_wneauk,https://www.reddit.com/r/roblox/comments/wneauk/if_you_could_make_one_and_only_one_change_to/,"If you could make one and ONLY one change to Roblox, what would it be?",22 days ago,425,549,4
t3_wh4pk2,https://www.reddit.com/r/roblox/comments/wh4pk2/a_list_of_74_different_roblox_avatars_stereotypes/,A List of 74 Different Roblox Avatars & Stereotypes,1 month ago,2.1k,396,11
t3_wymnp4,https://www.reddit.com/r/roblox/comments/wymnp4/is_roblox_implementing_a_new_profile_angle/,Is Roblox implementing a new profile angle?,9 days ago,1.5k,118,
t3_widq3s,https://www.reddit.com/r/roblox/comments/widq3s/i_cooked_steak_in_roblox_studio/,I cooked steak in roblox studio,1 month ago,2.8k,280,9
t3_x4nemg,https://www.reddit.com/r/roblox/comments/x4nemg/roblox_has_been_making_a_lot_of_off_sale_items_go/,"Roblox has been making a lot of off sale items go limited, what items do you want to go limited?",2 days ago,259,157,0
t3_wjoamh,https://www.reddit.com/r/TrueOffMyChest/comments/wjoamh/i_broke_up_with_my_girlfriend_because_i_wouldnt/,I broke up with my girlfriend because I wouldn't have sex with her and do virtual sex with a stranger on a roblox rp server and later she got arrested because of it.,27 days ago,3.1k,264,3
t3_wmhfmb,https://www.reddit.com/r/GoCommitDie/comments/wmhfmb/so_uhhh_the_conspiracy_theorists_got_to_roblox/,so uhhh. the conspiracy theorists got to roblox,24 days ago,1.2k,249,0
t3_wsfre7,https://www.reddit.com/r/roblox/comments/wsfre7/roblox_might_be_rolling_this_update_out_soon/,Roblox might be rolling this update out soon,16 days ago,1.0k,201,2
t3_wz55u9,https://www.reddit.com/r/SCP/comments/wz55u9/encase_you_dont_know_theres_a_scp_fangame_on/,encase you don't know there's a scp fangame on roblox and roblox makes figures out of characters in game so say hello to dr bright from the game site 76,8 days ago,2.1k,80,
t3_x21uog,https://www.reddit.com/r/GoCommitDie/comments/x21uog/this_is_a_real_ad_i_got_on_roblox/,This is a Real ad i got on Roblox.,5 days ago,735,106,0
t3_x1eaer,https://www.reddit.com/r/youngpeopleyoutube/comments/x1eaer/roblox_moderator/,Roblox moderator,6 days ago,2.2k,63,0
t3_x34nqu,https://www.reddit.com/r/starterpacks/comments/x34nqu/cringy_roblox_youtube_shorts_tiktok_edit_starter/,Cringy Roblox YouTube Shorts / TikTok edit starter pack,4 days ago,762,96,0
t3_wuk6qk,https://www.reddit.com/r/roblox/comments/wuk6qk/i_drew_a_few_roblox_characters/,I drew a few roblox characters,14 days ago,761,186,5
t3_x3obi2,https://www.reddit.com/r/roblox/comments/x3obi2/is_the_16_anniversary_of_roblox/,is the 16 anniversary of roblox,3 days ago,744,81,0
t3_x1w9uj,https://www.reddit.com/r/GoCommitDie/comments/x1w9uj/roblox_players_cant_tell_the_difference_between_a/,Roblox player's can't tell the difference between a good and bad update,5 days ago,524,136,0
t3_wu79un,https://www.reddit.com/r/roblox/comments/wu79un/what_roblox_update_would_ruin_the_game_the_most/,What ROBLOX update would ruin the game the most?,14 days ago,296,280,
t3_wqzam1,https://www.reddit.com/r/roblox/comments/wqzam1/what_do_you_guys_do_on_roblox/,What do you guys do on Roblox?,18 days ago,352,388,
t3_wvsh25,https://www.reddit.com/r/playboicarti/comments/wvsh25/someone_got_a_carti_shirt_on_at_the_ken_carson/,Someone got a carti shirt on at the Ken Carson Roblox concert,12 days ago,2.1k,103,0
t3_wrtfvp,https://www.reddit.com/r/roblox/comments/wrtfvp/say_your_roblox_name_and_i_might_add_a_nod_to/,Say your roblox name and I might add a nod to your character,17 days ago,332,329,
t3_x2fkxe,https://www.reddit.com/r/GoCommitDie/comments/x2fkxe/i_got_banned_from_roblox/,i got banned from roblox üò≠ üò≠ üò≠ üíÄ üíÄ,4 days ago,709,96,0
t3_wqlop4,https://www.reddit.com/r/roblox/comments/wqlop4/roblox_please_stop_promoting_premium_i_already/,Roblox please stop promoting premium‚Ä¶ I already subscribed to it,19 days ago,1.3k,187,7
t3_wz19sf,https://www.reddit.com/r/roblox/comments/wz19sf/is_roblox_really_a_kids_game/,Is roblox really a kids game?,9 days ago,353,172,0
t3_x0q1n1,https://www.reddit.com/r/GoCommitDie/comments/x0q1n1/the_roblox_logo_got_fked_to_hard_and_now_the_hole/,The Roblox logo got f**ked to hard and now the hole is bigger,6 days ago,440,113,
t3_wr69ry,https://www.reddit.com/r/roblox/comments/wr69ry/a_early_2008_robloxians_predictions_of_20092015/,A early 2008 ROBLOXians predictions of 2009-2015 Roblox,18 days ago,1.7k,150,
t3_vru0i0,https://www.reddit.com/r/GoCommitDie/comments/vru0i0/tell_me_any_roblox_games_and_i_will_play_it_and/,Tell me any roblox games and I will play it and rate it from 1-10,2 months ago,3.5k,1.8k,2
t3_w37zpg,https://www.reddit.com/r/perfectlycutscreams/comments/w37zpg/i_need_to_know_the_name_of_this_game_in_roblox/,I need to know the name of this game in Roblox,2 months ago,16.1k,329,5
t3_x50yqf,https://www.reddit.com/r/roblox/comments/x50yqf/remade_the_roblox_logo_because_of_the_new_logo/,Remade The Roblox Logo because of the new logo,1 day ago,348,96,2
t3_wyrwq7,https://www.reddit.com/r/roblox/comments/wyrwq7/made_a_bong_and_vape_in_roblox_for_model_practice/,Made a bong and vape in roblox for model practice with unions lol,9 days ago,470,134,
t3_wybqh8,https://www.reddit.com/r/roblox/comments/wybqh8/players_should_grow_up_from_old_roblox_already/,Players should grow up from old ROBLOX already.,9 days ago,189,211,6
t3_x0q1n1,https://www.reddit.com/r/GoCommitDie/comments/x0q1n1/the_roblox_logo_got_fked_to_hard_and_now_the_hole/,The Roblox logo got f**ked to hard and now the hole is bigger,6 days ago,440,113,
t3_x09stv,https://www.reddit.com/r/roblox/comments/x09stv/roblox_avatars_are_breaking/,Roblox avatars are breaking,7 days ago,413,131,0
t3_wzehod,https://www.reddit.com/r/popheadscirclejerk/comments/wzehod/they_made_the_roblox_concert_girl_irl/,They Made the Roblox Concert Girl IRL???,8 days ago,1.1k,89,0
t3_wfp31u,https://www.reddit.com/r/roblox/comments/wfp31u/roblox_added_the_1_robux_option_to_pc/,Roblox added the 1$ Robux Option to PC,1 month ago,2.3k,301,4
t3_wqw86m,https://www.reddit.com/r/femboy/comments/wqw86m/last_time_i_posted_someone_said_bros_built_like_a/,Last time I posted someone said ‚Äúbros built like a Roblox for real‚Äù and I still haven‚Äôt recovered,18 days ago,1.5k,124,2
t3_x1u3un,https://www.reddit.com/r/Argaming/comments/x1u3un/banearon_a_mi_sobrino_de_roblox/,banearon a mi sobrino de roblox,5 days ago,436,108,
t3_x5781x,https://www.reddit.com/r/roblox/comments/x5781x/how_roblox_game_sneak_peeks_should_be_made/,how roblox game sneak peeks should be made,1 day ago,1.0k,48,3
t3_x006iy,https://www.reddit.com/r/GoCommitDie/comments/x006iy/average_day_of_roblox_be_like/,average day of Roblox be like,7 days ago,1.8k,58,0
t3_wwfpw4,https://www.reddit.com/r/roblox/comments/wwfpw4/the_psychology_of_roblox_hacking_a_study/,The Psychology of Roblox Hacking - A Study,12 days ago,262,203,8
t3_wnhx5j,https://www.reddit.com/r/GoCommitDie/comments/wnhx5j/roblox_wtf/,ROBLOX WTFüíÄüíÄüíÄüíÄ,22 days ago,1.9k,130,0
t3_x4h6jf,https://www.reddit.com/r/YuB/comments/x4h6jf/oh_shit_what_happened_to_roblox/,Oh shit what happened to Roblox,2 days ago,124,117,0
t3_vww0bt,https://www.reddit.com/r/perfectlycutscreams/comments/vww0bt/roblox_fix_iiiiiiiiiiiiiiiiit/,ROBLOX FIX IIIIIIIIIIIIIIIIIT,2 months ago,9.1k,520,5
t3_wtdjcb,https://www.reddit.com/r/GoCommitDie/comments/wtdjcb/bro_turned_into_a_roblox_avatar/,bro turned into a roblox avatar üíÄüíÄ,15 days ago,1.0k,103,0
t3_wqrrvt,https://www.reddit.com/r/GoCommitDie/comments/wqrrvt/roblox/,Roblox,18 days ago,4.8k,61,2
t3_wxgy8z,https://www.reddit.com/r/roblox/comments/wxgy8z/did_anyone_get_the_tiny_egg_of_nonexistence_last/,did anyone get the tiny egg of nonexistence (last roblox egg)?,10 days ago,374,108,0
t3_wz0wwp,https://www.reddit.com/r/LowQualityMemes/comments/wz0wwp/epic_roblox_intros_2022/,epic roblox intros 2022ü•∂üî•,9 days ago,1.1k,53,2
t3_x2eubz,https://www.reddit.com/r/ppnojutsu/comments/x2eubz/oldest_roblox_player/,oldest roblox player,4 days ago,441,59,0
t3_wu2xv4,https://www.reddit.com/r/roblox/comments/wu2xv4/roblox_loves_to_give_food_for_free/,Roblox loves to give food for free,14 days ago,1.2k,85,2
t3_wx4gnl,https://www.reddit.com/r/roblox/comments/wx4gnl/roblox_mobile_chat_update_was_so_unnecessary_and/,roblox mobile chat update was so unnecessary and makes it harder to type because they made it a lot thinner,11 days ago,645,85,
t3_wjeb2b,https://www.reddit.com/r/roblox/comments/wjeb2b/the_created_and_purchased_costumes_have_been/,the created and purchased costumes have been merged (Maybe another Bad ROBLOX update),27 days ago,1.3k,199,4
t3_x4rblo,https://www.reddit.com/r/KGBTR/comments/x4rblo/roblox/,roblox,2 days ago,122,95,0
t3_x288as,https://www.reddit.com/r/GoCommitDie/comments/x288as/the_entire_roblox_community_after_roblox_did_a/,The entire Roblox community after Roblox did a slight change that doesn't affect the game,5 days ago,1.4k,40,0
t3_x288as,https://www.reddit.com/r/GoCommitDie/comments/x288as/the_entire_roblox_community_after_roblox_did_a/,The entire Roblox community after Roblox did a slight change that doesn't affect the game,5 days ago,1.4k,40,0
t3_x21img,https://www.reddit.com/r/jakertown/comments/x21img/saul_goodman_roblox_large/,Saul goodman roblox large,5 days ago,906,41,3
t3_wtd0fg,https://www.reddit.com/r/roblox/comments/wtd0fg/never_watched_the_show_but_roblox_is_suggesting/,"Never watched the show, but Roblox is suggesting me this",15 days ago,748,97,2
t3_x54jmy,https://www.reddit.com/r/roblox/comments/x54jmy/recreated_my_first_roblox_screenshot_exactly_6/,Recreated my first Roblox screenshot exactly 6 years later,1 day ago,416,50,
t3_wuv0nw,https://www.reddit.com/r/EmKay/comments/wuv0nw/roblox_whyyyy_fun_made_account/,Roblox whyyyy? (Fun made account),13 days ago,356,115,0
t3_wc17qd,https://www.reddit.com/r/BikiniBottomTwitter/comments/wc17qd/roblox_in_a_nutshell/,Roblox in a nutshell,1 month ago,10.7k,119,0
t3_x5x3r6,https://www.reddit.com/r/roblox/comments/x5x3r6/map_of_roblox_i_made/,Map of Roblox I made,4 hours ago,313,52,3
t3_w32o0m,https://www.reddit.com/r/roblox/comments/w32o0m/fuck_roblox_i_quit/,"Fuck Roblox, I quit",2 months ago,1.1k,599,2
t3_woa3r7,https://www.reddit.com/r/roblox/comments/woa3r7/my_friend_is_making_a_roblox_game_right_now_and/,My friend is making a roblox game right now and he wanted me to upload his trailer to reddit. If you have thoughts on it make sure to comment them here and I'll tell him.,21 days ago,438,168,
t3_w9qe5b,https://www.reddit.com/r/roblox/comments/w9qe5b/as_if_roblox_mobile_wasnt_already_hard_to_play/,As if roblox mobile wasn‚Äôt already hard to play. Now the chat takes up 1/4 of the screen,1 month ago,1.7k,290,2
t3_x00ffc,https://www.reddit.com/r/HUEstation/comments/x00ffc/ok_roblox_definitivamente_n√£o_√©_um_jogo_infantil/,Ok... Roblox definitivamente n√£o √© um jogo infantil,7 days ago,334,69,0
t3_x5nipx,https://www.reddit.com/r/ChoosingBeggars/comments/x5nipx/apparently_roblox_has_choosing_beggars_now/,Apparently roblox has choosing beggars now.,11 hours ago,291,44,0
t3_x1ujuj,https://www.reddit.com/r/roblox/comments/x1ujuj/i_made_the_minecraft_shield_in_roblox/,I made the Minecraft shield in Roblox,5 days ago,347,44,0
t3_wywhvg,https://www.reddit.com/r/GoCommitDie/comments/wywhvg/omg_roblox_banned_me_for_saying_dam_112/,Omg roblox banned me for saying dam !1!1!2! üò≠üò≠üò≠üò≠,9 days ago,368,68,0
t3_wjuxrx,https://www.reddit.com/r/roblox/comments/wjuxrx/roblox_avatars_20102019/,Roblox Avatars 2010-2019,27 days ago,881,161,
t3_vr22ll,https://www.reddit.com/r/roblox/comments/vr22ll/what_was_the_first_roblox_game_you_played_mine/,What was the first roblox game you played? Mine was Pillow fight simulator (but the cool christmas version ofc),2 months ago,1.2k,1.0k,2
t3_waaznz,https://www.reddit.com/r/roblox/comments/waaznz/the_new_roblox_desktop_app_released/,The new roblox desktop app released.,1 month ago,1.4k,306,3
t3_w51m87,https://www.reddit.com/r/roblox/comments/w51m87/one_of_the_most_iconic_roblox_ads_ever_existed/,one of the most iconic roblox ads ever existed,1 month ago,3.1k,259,5
t3_wxcuwx,https://www.reddit.com/r/Kanye/comments/wxcuwx/what_did_rkanye_do_to_roblox/,What did r/kanye do to Roblox?,11 days ago,393,70,0
t3_wygtaq,https://www.reddit.com/r/GoCommitDie/comments/wygtaq/the_4_horseman_of_iconic_roblox_ads/,The 4 Horseman of Iconic Roblox Ads,9 days ago,656,57,0
t3_x2luzt,https://www.reddit.com/r/roblox/comments/x2luzt/roblox_doors_fanart_the_figure/,Roblox Doors Fanart: The Figure,4 days ago,516,39,
t3_x12miw,https://www.reddit.com/r/roblox/comments/x12miw/rroblox_weekly_question_thread_for_08292022/,/r/Roblox Weekly Question Thread (for 08/29/2022),6 days ago,21,244,3
t3_x2fm0e,https://www.reddit.com/r/GoCommitDie/comments/x2fm0e/funny_roblox_tiktok_video_1/,Funny roblox TikTok video #1,4 days ago,863,28,2
t3_w1vnka,https://www.reddit.com/r/GoCommitDie/comments/w1vnka/if_roblox_had_an_official_cartoon_show_what_would/,"If Roblox had an official cartoon show, what would the plot be?",2 months ago,1.9k,421,0
t3_wqjihe,https://www.reddit.com/r/GoCommitDie/comments/wqjihe/roblox_is_dying/,roblox is dying,19 days ago,993,90,2
t3_wekom3,https://www.reddit.com/r/hiphopheads/comments/wekom3/denzel_curry_is_performing_virtually_on_roblox_on/,Denzel Curry is performing virtually on Roblox on August 4th,1 month ago,2.5k,131,
t3_x2ajmz,https://www.reddit.com/r/peopleplayground/comments/x2ajmz/people_playground_in_roblox_not_finished/,People Playground in Roblox (Not Finished),5 days ago,275,52,0
t3_x2luzt,https://www.reddit.com/r/roblox/comments/x2luzt/roblox_doors_fanart_the_figure/,Roblox Doors Fanart: The Figure,4 days ago,516,39,
t3_x5jnkt,https://www.reddit.com/r/beatlescirclejerk/comments/x5jnkt/bullying_roblox_kids/,Bullying Roblox kids,14 hours ago,1.0k,19,0
t3_ws3n6b,https://www.reddit.com/r/Scams/comments/ws3n6b/found_in_roblox_a_game_for_children_a/,Found in Roblox (a game for children) - a microtransaction laden 'obstacle course' that ends with a stall claiming that Robux (a currency obtained with real life money) donated to them is being donated to Ukraine. How much more exploitative does it get?,17 days ago,579,78,0
t3_wzs4sz,https://www.reddit.com/r/GoCommitDie/comments/wzs4sz/roblox_doors_moment_hopefully_you_like_this_one/,Roblox doors moment (hopefully you like this one),8 days ago,480,46,0
t3_webu7k,https://www.reddit.com/r/roblox/comments/webu7k/probably_the_most_realistic_roblox_can_get_game/,Probably the most realistic Roblox can get. ( Game: Beyond the Dark),1 month ago,1.2k,138,6
t3_wv80lp,https://www.reddit.com/r/roblox/comments/wv80lp/rroblox_weekly_question_thread_for_08222022/,/r/Roblox Weekly Question Thread (for 08/22/2022),13 days ago,18,380,
t3_wxfh1c,https://www.reddit.com/r/GoCommitDie/comments/wxfh1c/roblox/,ROBLOX!! üò±üò±üò±üò±üò±,10 days ago,976,37,0
t3_wuxtw0,https://www.reddit.com/r/roblox/comments/wuxtw0/i_found_a_new_slogan_for_roblox/,i found a new slogan for roblox,13 days ago,148,129,0
t3_wey40d,https://www.reddit.com/r/virtualreality/comments/wey40d/i_made_suppressors_glow_when_hot_while_using_nvg/,I made suppressors glow when hot while using NVG. They slowly cool off when not firing. Made in Roblox VR and releasing soon with a story mode.,1 month ago,1.0k,170,3
t3_x3djzy,https://www.reddit.com/r/jakertown/comments/x3djzy/roblox_players_are_ugly/,Roblox Players are UGLY,3 days ago,653,25,2
t3_x1grwb,https://www.reddit.com/r/roblox/comments/x1grwb/i_was_playing_roblox_doors_and_this_is_one_of_my/,I was playing Roblox DOORS and this is one of my screenshots,6 days ago,322,46,0
t3_x07afm,https://www.reddit.com/r/roblox/comments/x07afm/saw_someone_else_showcasing_there_custom_logo_so/,Saw someone else showcasing there custom logo so let me show you my custom Roblox logo,7 days ago,225,63,0
t3_x57uup,https://www.reddit.com/r/ihadastroke/comments/x57uup/its_roblox_bozo/,Its roblox bozo,1 day ago,134,48,0
t3_x01loa,https://www.reddit.com/r/furry_irl/comments/x01loa/roblox_irl/,Roblox_irl,7 days ago,414,48,0
t3_wnsn9q,https://www.reddit.com/r/youngpeopleyoutube/comments/wnsn9q/roblox_husband_toxic_af/,Roblox husband toxic af,22 days ago,4.4k,35,0
t3_wdopqb,https://www.reddit.com/r/roblox/comments/wdopqb/in_some_regions_robloxs_events_has_changed_to/,"In some regions roblox's events has changed to ""Sponsorships"" What do you think about this change?",1 month ago,957,181,2
t3_wgugvy,https://www.reddit.com/r/ihadastroke/comments/wgugvy/typical_roblox_comments_on_youtube/,typical roblox comments on youtube:,1 month ago,1.9k,103,0
t3_x22vo7,https://www.reddit.com/r/GoCommitDie/comments/x22vo7/im_making_a_roblox_backrooms_survival_game_i/,I‚Äôm making a roblox backrooms survival game. I think this might be the thumbnail. Any feedback or thoughts?,5 days ago,77,69,0
t3_x42bi6,https://www.reddit.com/r/GoCommitDie/comments/x42bi6/rgocommitdie_fans_when_the_roblox_hole_gets/,r/gocommitdie fans when the roblox hole gets bigger by a few pixels,2 days ago,373,28,0
t3_wwst9z,https://www.reddit.com/r/vegas/comments/wwst9z/making_a_las_vegas_police_roleplaying_game_in/,Making a Las Vegas Police Roleplaying game in Roblox,11 days ago,297,64,
t3_wurk87,https://www.reddit.com/r/WarriorCats/comments/wurk87/small_update_on_the_lake_territory_roblox_game/,Small update on the Lake territory Roblox game,14 days ago,440,53,2
t3_x1nacd,https://www.reddit.com/r/roblox/comments/x1nacd/a_roblox_friendship/,a roblox friendship,5 days ago,353,31,0
t3_wurk87,https://www.reddit.com/r/WarriorCats/comments/wurk87/small_update_on_the_lake_territory_roblox_game/,Small update on the Lake territory Roblox game,14 days ago,440,53,2
t3_x14vgp,https://www.reddit.com/r/roblox/comments/x14vgp/i_recreated_grove_street_in_roblox/,i recreated grove street in roblox,6 days ago,252,37,0
t3_x39ifo,https://www.reddit.com/r/GoCommitDie/comments/x39ifo/roblox_giveaway_a_ballsack/,Roblox giveaway a ballsack,3 days ago,358,25,0
t3_wmcxxz,https://www.reddit.com/r/dankvideos/comments/wmcxxz/i_miss_the_good_days_of_roblox/,I miss the good days of Roblox,24 days ago,2.6k,44,0
t3_wxch1k,https://www.reddit.com/r/cursedcomments/comments/wxch1k/cursed_roblox/,Cursed_Roblox,11 days ago,774,31,
t3_w43q0l,https://www.reddit.com/r/roblox/comments/w43q0l/how_are_people_posing_their_accounts_on_the/,How are people POSING their accounts on the Roblox website?,2 months ago,2.2k,219,3
t3_wprslb,https://www.reddit.com/r/GoCommitDie/comments/wprslb/roblox_edating/,Roblox e-dating,20 days ago,386,92,
t3_vjx0yq,https://www.reddit.com/r/GoCommitDie/comments/vjx0yq/making_the_most_cursed_game_on_roblox_comment/,Making the most Cursed game on Roblox. Comment what horrific things I should add!,2 months ago,3.2k,785,9
t3_x5c383,https://www.reddit.com/r/GoCommitDie/comments/x5c383/since_every_roblox_subreddit_keeps_deleting_my/,"since EVERY roblox subreddit keeps deleting my posts this is my only option, does anyone know what this game is called? i played it before but it seems no longer exists because i can't find anything about it",22 hours ago,185,29,0
t3_w3kcsl,https://www.reddit.com/r/roblox/comments/w3kcsl/new_to_roblox_been_enjoying_the_fps_games/,"New to Roblox, been enjoying the FPS games. Recommend me some fast paced ones",2 months ago,962,315,
t3_wpdpwe,https://www.reddit.com/r/roblox/comments/wpdpwe/rroblox_weekly_question_thread_for_08152022/,/r/Roblox Weekly Question Thread (for 08/15/2022),20 days ago,15,371,0
t3_wajlzw,https://www.reddit.com/r/GoCommitDie/comments/wajlzw/the_new_roblox_death_sound/,the new roblox death sound,1 month ago,3.5k,92,2
t3_whjzk8,https://www.reddit.com/r/roblox/comments/whjzk8/im_currently_drawing_a_pic_and_i_wanna_add_some/,I'm currently drawing a pic and I wanna add some roblox avatars to it. If you wanna be included in the drawing please do give me your username or link! I'll post the finished version soon!,1 month ago,193,232,4
t3_wsh2bm,https://www.reddit.com/r/roblox/comments/wsh2bm/roblox_bad_minecraft_good_people_are_just_dumb/,"""roblox bad minecraft good"" people are just dumb",16 days ago,112,106,0
t3_wux2ut,https://www.reddit.com/r/ZoesWDYclub/comments/wux2ut/oww_my_head_wait_this_isnt_odd_world_roblox/,"oww... my head... wait, this isn't Odd World.. (ROBLOX Rainbow Friends)",13 days ago,7,382,0
t3_wshbh6,https://www.reddit.com/r/DramaticText/comments/wshbh6/roblox_moment/,Roblox moment,16 days ago,1.1k,33,
t3_wua495,https://www.reddit.com/r/GoCommitDie/comments/wua495/girl_cries_because_roblox_deleted_her_account/,Girl cries because Roblox deleted her account‚Ä¶,14 days ago,289,56,0
t3_wdo1a0,https://www.reddit.com/r/roblox/comments/wdo1a0/roblox_game_recommendations_suck_so_i_made_roblox/,"Roblox game recommendations suck, so I made Roblox Tinder (FOR GAMES)",1 month ago,1.2k,106,12
t3_wf9lk1,https://www.reddit.com/r/roblox/comments/wf9lk1/older_players_of_roblox_what_games_do_you_play/,"Older players of roblox, what games do you play?",1 month ago,179,235,
t3_wr38hv,https://www.reddit.com/r/ww2memes/comments/wr38hv/i_was_playing_roblox_and_i_found_this_wehraboo/,I was playing roblox and I found this wehraboo with a goddamn Nazi flag in a kid game. üíÄüíÄ,18 days ago,411,60,0
t3_x05uob,https://www.reddit.com/r/GoCommitDie/comments/x05uob/what_went_wrong_that_im_beeing_chased_by_a_2d_png/,What went wrong that im beeing chased by a 2D png of Saul in a Roblox Game that I found on Tiktok,7 days ago,239,39,0
t3_w525i1,https://www.reddit.com/r/CringetopiaRM/comments/w525i1/they_robloxified_the_already_annoying_word_skits/,They Roblox-ified the already annoying word skits,1 month ago,1.5k,181,0
t3_woeihb,https://www.reddit.com/r/Discordmemes/comments/woeihb/roblox/,Roblox,21 days ago,1.6k,45,
t3_vlrui9,https://www.reddit.com/r/GoCommitDie/comments/vlrui9/my_9_year_old_cousin_on_roblox_ask_me_anything/,My 9 year old cousin on roblox üò≠üíÄ ask me anything about him,2 months ago,2.6k,662,4
t3_whc59w,https://www.reddit.com/r/roblox/comments/whc59w/im_making_a_horror_game_on_roblox_check_out_our/,I'm making a horror game on Roblox; check out our trailer!,1 month ago,722,111,5
t3_woh0pj,https://www.reddit.com/r/GoCommitDie/comments/woh0pj/roblox_tycoon/,roblox tycoon,21 days ago,3.1k,28,
t3_wzzu68,https://www.reddit.com/r/GoCommitDie/comments/wzzu68/the_acctual_roblox_subreddit_wont_let_me_post/,"The acctual roblox subreddit won‚Äôt let me post this but, I bought premium and this is appearing can anyone help me with this?",7 days ago,95,49,0
t3_wzi0c8,https://www.reddit.com/r/GoCommitDie/comments/wzi0c8/httpstwittercomrobloxstatus1559687615254630400/,https://twitter.com/Roblox/status/1559687615254630400,8 days ago,600,20,0
t3_wili78,https://www.reddit.com/r/roblox/comments/wili78/drew_my_roblox_character_because_my_sister/,"Drew my Roblox Character, because My sister wouldn't stop pestering me.",28 days ago,917,72,3
t3_x5160e,https://www.reddit.com/r/roblox/comments/x5160e/new_roblox_ban_concept_bans_you_in_game_instead/,New ROBLOX ban concept?? (bans you in game instead of saying same account launched on different device/disconnected? mods delete if something is wrong with it))),1 day ago,105,26,0
t3_wyfhda,https://www.reddit.com/r/GachaClubPOV/comments/wyfhda/povyou_was_walking_home_from_work_or_school_then/,POV:you was walking home from work or school then you saw a kid running away from someone (she is based on my Roblox royal high character),9 days ago,4,322,0
t3_wdhw58,https://www.reddit.com/r/roblox/comments/wdhw58/jezz_i_though_roblox_events_were_bad_enough_but/,Jezz i though roblox events were bad enough. But this is glitchier than sonic 2006,1 month ago,843,112,0
t3_x4h9dz,https://www.reddit.com/r/oculus/comments/x4h9dz/another_video_of_our_upcoming_actionstealthscifi/,"Another video of our upcoming action/stealth/sci-fi story game made in Roblox VR. A lot of genuine love has been put into this. Here‚Äôs a demonstration of physics, AI, interactions and weapons.",2 days ago,152,25,
t3_wwxfnw,https://www.reddit.com/r/computers/comments/wwxfnw/trying_to_launch_roblox/,Trying to launch Roblox,11 days ago,131,55,0
t3_wq4l0k,https://www.reddit.com/r/GoCommitDie/comments/wq4l0k/i_havent_played_roblox_in_3_years/,I haven't played roblox in 3 years,19 days ago,669,43,2
t3_wucxyn,https://www.reddit.com/r/NYStateOfMind/comments/wucxyn/niggas_roleplaying_as_drill_rappers_on_roblox/,niggas roleplaying as drill rappers on roblox üíÄ,14 days ago,178,50,0
t3_wvpj25,https://www.reddit.com/r/roblox/comments/wvpj25/favorite_cosmetic_item_created_by_roblox_mine_is/,"Favorite Cosmetic Item created by Roblox, Mine is the How to program basic as im an programmer myself",12 days ago,223,43,0
t3_wy35wf,https://www.reddit.com/r/GoCommitDie/comments/wy35wf/roblox_chat_filter/,roblox chat filter,10 days ago,402,30,0
t3_x1p4ud,https://www.reddit.com/r/FBIOpenTheFuckUp/comments/x1p4ud/hes_a_fucking_zoophile_it_gets_worse_he_also/,"he's a fucking zoophile, it gets worse, he also plays Roblox, a children's game",5 days ago,162,32,0
t3_wemsfr,https://www.reddit.com/r/youngpeopleyoutube/comments/wemsfr/roblox/,roblox,1 month ago,1.2k,69,0
t3_w8c7vo,https://www.reddit.com/r/cursedcomments/comments/w8c7vo/cursed_roblox/,cursed_roblox,1 month ago,4.0k,74,2
t3_wmu1er,https://www.reddit.com/r/GoCommitDie/comments/wmu1er/i_have_officially_found_the_worst_audio_in_a/,I have officially found the worst audio in a Roblox youtube video. Sounds like an MRI machine.,23 days ago,400,71,2
t3_wbxgbu,https://www.reddit.com/r/CringetopiaRM/comments/wbxgbu/every_roblox_child_ever/,every roblox child ever,1 month ago,1.1k,92,0
t3_wwdddc,https://www.reddit.com/r/fivenightsatfreddys/comments/wwdddc/roblox_left_to_rot_fredbear_union_model/,(ROBLOX) Left To Rot Fredbear Union Model,12 days ago,294,36,2
t3_x4dop8,https://www.reddit.com/r/CallOfDuty/comments/x4dop8/mw2_mw2_poster_made_on_roblox/,[MW2] mw2 poster made on roblox,2 days ago,338,16,0
t3_w10ae9,https://www.reddit.com/r/mildyinfuriating/comments/w10ae9/i_was_just_playing_roblox_on_my_account_and_then/,"i was just playing roblox on my account and then i got banned for saying the word ""butterfly""",2 months ago,886,242,
t3_x25b3b,https://www.reddit.com/r/jakertown/comments/x25b3b/roblox/,roblox,5 days ago,366,18,
t3_wtljho,https://www.reddit.com/r/roblox/comments/wtljho/got_bored_drew_my_roblox_avatar_notyourfunnyman/,got bored. drew my roblox avatar (notyourfunnyman on twitter),15 days ago,118,64,0
t3_wklbk3,https://www.reddit.com/r/roblox/comments/wklbk3/my_roblox_gear_collection/,My Roblox gear collection.,26 days ago,329,93,0
t3_wrws6x,https://www.reddit.com/r/backrooms/comments/wrws6x/currently_trying_to_build_010_backrooms_levels_in/,Currently trying to build 0-10 Backrooms levels in Roblox for fun.,17 days ago,264,53,0
t3_wktp8t,https://www.reddit.com/r/roblox/comments/wktp8t/roblox_didnt_like_its_own_update/,Roblox didn't like its own Update üíÄ,26 days ago,956,47,
t3_x46wp6,https://www.reddit.com/r/DDLC/comments/x46wp6/i_drew_chibi_monika_in_roblox_spray_paint/,I drew chibi Monika in Roblox spray paint!,2 days ago,189,18,0
t3_wklbk3,https://www.reddit.com/r/roblox/comments/wklbk3/my_roblox_gear_collection/,My Roblox gear collection.,26 days ago,329,93,0
t3_x282hz,https://www.reddit.com/r/Nichijou/comments/x282hz/mio_in_roblox/,mio in roblox,5 days ago,283,18,0
t3_wfswad,https://www.reddit.com/r/roblox/comments/wfswad/i_made_soft_body_physics_in_roblox/,I made soft body physics in ROBLOX,1 month ago,812,84,0
t3_wa66sx,https://www.reddit.com/r/memes/comments/wa66sx/roblox_is_a_good_game_but_is_a_shitty_game_company/,"Roblox is a good game, but is a shitty game company",1 month ago,2.3k,73,
t3_w04phu,https://www.reddit.com/r/GoCommitDie/comments/w04phu/roblox_be_like/,Roblox be like:,2 months ago,4.0k,126,3
t3_wqbl6l,https://www.reddit.com/r/roblox/comments/wqbl6l/hello_everyone_here_is_a_list_i_have_compiled_a/,Hello everyone! Here is a list I have compiled a list of quality Roblox games to play.,19 days ago,120,91,0
t3_wp3vou,https://www.reddit.com/r/bloxymemes/comments/wp3vou/how_roblox_avoided_the_gym/,How Roblox avoided the gym,20 days ago,341,49,0
t3_wyp2t8,https://www.reddit.com/r/shittymobilegameads/comments/wyp2t8/not_compatible_with_roblox/,Not compatible with Roblox,9 days ago,287,24,0
t3_wvd2zx,https://www.reddit.com/r/csMajors/comments/wvd2zx/perfect_coding_oa_score_gets_rejected_from_roblox/,PERFECT CODING OA SCORE GETS REJECTED FROM ROBLOX,13 days ago,136,50,0
t3_x5ikm3,https://www.reddit.com/r/OkBuddyPersona/comments/x5ikm3/you_guys_wont_believe_this_roblox_based/,You guys won't believe this! Roblox BASED?!?!?,16 hours ago,226,14,0
t3_x3o525,https://www.reddit.com/r/roblox/comments/x3o525/roblox_is_not_dying_and_stop_pretending_it_is/,Roblox is not dying and stop pretending it is,3 days ago,47,40,0
t3_we6zkr,https://www.reddit.com/r/roblox/comments/we6zkr/most_overrated_roblox_games/,most overrated Roblox games,1 month ago,75,257,0
t3_wm573k,https://www.reddit.com/r/robloxhackers/comments/wm573k/i_was_playing_roblox_spray_paint_then_this_popped/,I was playing roblox spray paint then this popped up on my screen does anyone know who could‚Äôve done this?,24 days ago,107,112,0
t3_wwpwsq,https://www.reddit.com/r/bloxymemes/comments/wwpwsq/old_roblox_is_better_the_old_roblox_in_question/,"""old roblox is better"". the old roblox in question",11 days ago,139,39,0
t3_x2mu6x,https://www.reddit.com/r/roblox/comments/x2mu6x/where_do_you_see_roblox_in_10_years/,Where do you see roblox in 10 years?,4 days ago,22,65,0
t3_wixkmy,https://www.reddit.com/r/MurderMystery2/comments/wixkmy/luger_giveaway_comment_your_roblox_username_and/,Luger Giveaway! Comment your roblox username and upvote to enter! (more info in comments!),28 days ago,97,118,
t3_w6twz7,https://www.reddit.com/r/roblox/comments/w6twz7/how_did_the_front_page_of_roblox_get_so_bad/,How did the front page of roblox get so bad?,1 month ago,380,181,2
t3_wlo9zr,https://www.reddit.com/r/initiald/comments/wlo9zr/im_playing_this_roblox_game_and_i_came_across_this/,Im playing this Roblox game and I came across this...,25 days ago,379,57,0
t3_wmdm64,https://www.reddit.com/r/CringetopiaRM/comments/wmdm64/cringe_roblox_tiktok_acc/,"Cringe Roblox tiktok acc,",24 days ago,627,49,0
t3_wsx1wx,https://www.reddit.com/r/roblox/comments/wsx1wx/auto_modellista_but_its_a_roblox_remake_autostrada/,"Auto Modellista, but it's a Roblox remake (Autostrada)",16 days ago,471,29,
t3_x0myb0,https://www.reddit.com/r/roblox/comments/x0myb0/small_rant_you_literally_cant_exist_on_roblox_if/,(Small Rant) You literally cant exist on ROBLOX if you do anything.,7 days ago,51,47,0
t3_wpsc8w,https://www.reddit.com/r/BanVideoGames/comments/wpsc8w/i_found_evidence_that_adolf_hitler_created/,I found evidence that Adolf Hitler created Videog*mes! This is him in his most famous g*me Roblox! How can g*mers deny such damming proof that g*mers are Nazis?,20 days ago,107,71,0
t3_wxoc6j,https://www.reddit.com/r/SaikiK/comments/wxoc6j/roblox_free_draw_art_i_did_continued/,roblox free draw art i did (continued),10 days ago,194,27,
t3_wsx1wx,https://www.reddit.com/r/roblox/comments/wsx1wx/auto_modellista_but_its_a_roblox_remake_autostrada/,"Auto Modellista, but it's a Roblox remake (Autostrada)",16 days ago,471,29,
t3_wxoc6j,https://www.reddit.com/r/SaikiK/comments/wxoc6j/roblox_free_draw_art_i_did_continued/,roblox free draw art i did (continued),10 days ago,194,27,
t3_wtg5bh,https://www.reddit.com/r/GoCommitDie/comments/wtg5bh/i_love_roblox/,I love Roblox,15 days ago,319,33,0
t3_wp1elg,https://www.reddit.com/r/AccidentalAlly/comments/wp1elg/accidental_trans_ally_on_roblox/,Accidental trans ally on roblox!!,20 days ago,1.5k,20,0
t3_wt2zkq,https://www.reddit.com/r/roblox/comments/wt2zkq/im_surprised_that_roblox_made_another_astral/,I'm surprised that roblox made another astral hearts figure especially are the drama involving the previous one,16 days ago,212,39,0
t3_wx09vv,https://www.reddit.com/r/OkBuddyPersona/comments/wx09vv/introducing_my_roblox_horror_game_escape_adachi/,Introducing my Roblox horror game: Escape Adachi in Nuketown.,11 days ago,251,28,0
t3_x2am9h,https://www.reddit.com/r/The8BitRyanReddit/comments/x2am9h/me_when_i_open_roblox_chat_and_read_the_first/,Me when I open roblox chat and read the first message:,5 days ago,522,10,0
t3_wtrvf3,https://www.reddit.com/r/GoCommitDie/comments/wtrvf3/fuck_modern_roblox/,fuck modern roblox,15 days ago,171,45,0
t3_wxmyvn,https://www.reddit.com/r/StevenHe/comments/wxmyvn/roblox_chat_filters_are/,Roblox chat filters are #####...,10 days ago,539,18,4
t3_wx1czl,https://www.reddit.com/r/xqcow/comments/wx1czl/jesse_playing_any_roblox_horror_game/,Jesse playing any Roblox horror game.,11 days ago,559,18,
t3_vgd8gc,https://www.reddit.com/r/roblox/comments/vgd8gc/what_are_some_roblox_games_that_are_actually_well/,What are some Roblox games that are actually well made?,3 months ago,781,850,3
t3_x24qhd,https://www.reddit.com/r/CringetopiaRM/comments/x24qhd/roblox_be_like/,Roblox be like,5 days ago,280,14,0
t3_wjrhlm,https://www.reddit.com/r/robloxgamedev/comments/wjrhlm/upcoming_roblox_backrooms_game_mysteries_of_the/,"Upcoming Roblox Backrooms Game ""Mysteries Of The Backrooms""",27 days ago,107,103,
t3_wh76hu,https://www.reddit.com/r/roblox/comments/wh76hu/in_your_opinion_whats_the_cutest_accessory_in/,"In your opinion, what's the cutest accessory in roblox and why? I'll go first",1 month ago,222,92,0
t3_wptjel,https://www.reddit.com/r/NFCNorthMemeWar/comments/wptjel/roblox_is_run_by_cheeseheads/,Roblox is run by cheeseheads üßÄ ü§¢ü§¢ü§¢,19 days ago,539,34,0
t3_wyuhjd,https://www.reddit.com/r/robloxgamedev/comments/wyuhjd/does_roblox_allow_cow_milking/,Does roblox allow cow milking?,9 days ago,40,48,0
t3_wpncj6,https://www.reddit.com/r/GoCommitDie/comments/wpncj6/roblox_is_so_bad_omg/,"""roblox is so bad omg!!""",20 days ago,1.3k,19,0
t3_wcmb5q,https://www.reddit.com/r/roblox/comments/wcmb5q/roblox_noob_set_on_realistic_fire/,Roblox Noob set on Realistic Fire,1 month ago,928,65,7
t3_x4jkas,https://www.reddit.com/r/protogen/comments/x4jkas/so_i_made_another_protogen_in_roblox_what_do_you/,"So i made another protogen in roblox, what do you think?",2 days ago,67,21,0
t3_vqcis6,https://www.reddit.com/r/GoCommitDie/comments/vqcis6/not_your_average_roblox_outift_designer/,not your average roblox outift designer,2 months ago,1.2k,294,0
t3_x4xbmw,https://www.reddit.com/r/HiTMAN/comments/x4xbmw/i_felt_like_finally_playing_codename_47_but_the/,"I felt like finally playing Codename 47, but the outdated mechanics scared me and I‚Äôm low on cash, so I downloaded Roblox and I‚Äôm currently playing a remake on there. I feel like a kid, but it seems good.",1 day ago,49,25,0
t3_w8dv4x,https://www.reddit.com/r/pcmasterrace/comments/w8dv4x/this_buddy_said_that_roblox_was_running_slow/,"This buddy said that Roblox was running slow, guess why",1 month ago,157,164,0
t3_wnw4ov,https://www.reddit.com/r/roblox/comments/wnw4ov/what_is_your_idea_of_the_perfect_roblox_game/,"What is your idea of the ""perfect"" Roblox game?",22 days ago,47,115,0
t3_vhf2x7,https://www.reddit.com/r/roblox/comments/vhf2x7/the_tags_on_roblox_are_so_insane_that_they_are/,The tags on Roblox are so insane that they are now tagging limited items uploaded by Roblox.,3 months ago,3.0k,311,7
t3_wcapnd,https://www.reddit.com/r/youtube/comments/wcapnd/i_keep_getting_these_scam_videos_every_3_shorts/,I keep getting these scam videos every 3 shorts for ‚Äúfree robux‚Äù when I have never watched or even searched for Roblox.,1 month ago,301,110,0
t3_wvz6t0,https://www.reddit.com/r/TowerofFantasy/comments/wvz6t0/drew_this_in_roblox_i_have_no_idea_why/,Drew this in roblox (i have no idea why),12 days ago,603,14,0
t3_wz7s3t,https://www.reddit.com/r/roblox/comments/wz7s3t/hey_rroblox_want_to_share_a_cool_game_you_made_or/,"Hey /r/Roblox! Want to share a cool game you made or found? Getting bored with the front page, or need something new to play? Post your suggestions here! (week of August 27, 2022)",8 days ago,22,52,
t3_w8y75h,https://www.reddit.com/r/Games/comments/w8y75h/roblox_related_to_sounds_due_to_a_licensing_issue/,"Roblox: Related to sounds, due to a licensing issue we have removed the ‚Äúoof‚Äù sound from Roblox and have created a replacement default sound which launches today.",1 month ago,586,103,0
t3_wvmcqt,https://www.reddit.com/r/FridayNightFunkin/comments/wvmcqt/rush_from_doors_its_a_roblox_game_btw/,Rush from DOORS (Its a roblox game btw),13 days ago,170,29,3
t3_x45zl8,https://www.reddit.com/r/roblox/comments/x45zl8/im_bored_and_wanna_play_fun_roblox_games_do_you/,I'm bored and wanna play fun Roblox games. Do you guys have any recommendations?,2 days ago,16,37,0
t3_vs81jl,https://www.reddit.com/r/roblox/comments/vs81jl/r6_games_on_roblox_are_breaking_players_avatars/,R6 games on Roblox are breaking. players avatars are not loading in R6 games but R15 games seem to be unaffected.,2 months ago,1.2k,203,2
t3_x3oeja,https://www.reddit.com/r/discordVideos/comments/x3oeja/roblox/,Roblox,3 days ago,347,8,0
t3_wvpdh4,https://www.reddit.com/r/GoCommitDie/comments/wvpdh4/the_very_realistic_soldier_from_very_realistic/,The very realistic soldier from very realistic roblox shooting game,12 days ago,213,26,0
t3_w67x2a,https://www.reddit.com/r/roblox/comments/w67x2a/valorant_on_roblox_some_clips_from_the_game_that/,Valorant on Roblox üò≤ Some clips from the game that I work on called Rush Point,1 month ago,486,133,2
t3_vti8zq,https://www.reddit.com/r/roblox/comments/vti8zq/deformable_snow_in_roblox/,Deformable snow in Roblox!,2 months ago,2.3k,143,8
t3_x2h36p,https://www.reddit.com/r/riseofnationsroblox/comments/x2h36p/roblox_powering_moderation/,Roblox: Powering moderation,4 days ago,48,23,0
t3_wktkj6,https://www.reddit.com/r/GoCommitDie/comments/wktkj6/roblox_just_gets_worse_and_worse/,roblox just gets worse and worse,26 days ago,304,53,0
t3_x1tgn1,https://www.reddit.com/r/GoCommitDie/comments/x1tgn1/the_most_intelligent_roblox_user/,the most intelligent roblox user:,5 days ago,189,14,0
t3_w5nwsw,https://www.reddit.com/r/youngpeopleyoutube/comments/w5nwsw/like_and_subscribe_if_you_play_roblox/,Like and subscribe if you play roblox,1 month ago,1.4k,81,0
t3_x1914z,https://www.reddit.com/r/roblox/comments/x1914z/i_finally_got_my_dream_hat_on_roblox/,i finally got my dream hat on roblox!,6 days ago,124,18,
t3_w4kw5w,https://www.reddit.com/r/GoCommitDie/comments/w4kw5w/guess_the_roblox_game/,Guess the roblox game,2 months ago,2.0k,68,0
t3_wiu82u,https://www.reddit.com/r/csMajors/comments/wiu82u/roblox_assessment/,Roblox Assessment?,28 days ago,156,75,0
t3_x1cmsd,https://www.reddit.com/r/GoCommitDie/comments/x1cmsd/roblox_building_the_cheapest_servers/,roblox building the cheapest servers,6 days ago,410,11,0
t3_wyxgsb,https://www.reddit.com/r/teenagersnew/comments/wyxgsb/rate_my_roblox_character/,Rate my Roblox character,9 days ago,27,44,0
t3_ww3y8o,https://www.reddit.com/r/fakedisordercringe/comments/ww3y8o/they_believe_they_are_a_roblox_myth/,They believe they are a roblox myth!?!,12 days ago,124,30,0
t3_wivg4n,https://www.reddit.com/r/roblox/comments/wivg4n/the_new_roblox_studio_update_is/,The new roblox studio update is...,28 days ago,727,33,3
t3_ww6cv0,https://www.reddit.com/r/copypasta/comments/ww6cv0/i_like_to_torture_woman_in_the_roblox_game_called/,"I like to torture woman in the Roblox game called, ""da hood"". I will find a woman, particularly a thick emo girl, beat them till they are limp, and then carry them to my house. I will drop them in the middle of my living room, where I will then taze their body. I have done this for hours as they do",12 days ago,167,25,0
t3_wdv7zw,https://www.reddit.com/r/roblox/comments/wdv7zw/rroblox_weekly_question_thread_for_08012022/,/r/Roblox Weekly Question Thread (for 08/01/2022),1 month ago,16,346,2
t3_wu1dmg,https://www.reddit.com/r/roblox/comments/wu1dmg/roblox_needs_a_chat_indicator_for_if_what_youre/,roblox needs a chat indicator for if what youre saying is gonna be tagged,14 days ago,149,32,
