all_awardings,allow_live_comments,author,author_flair_css_class,author_flair_richtext,author_flair_text,author_flair_type,author_fullname,author_is_blocked,author_patreon_flair,author_premium,awarders,can_mod_post,contest_mode,created_utc,domain,full_link,gildings,id,is_created_from_ads_ui,is_crosspostable,is_meta,is_original_content,is_reddit_media_domain,is_robot_indexable,is_self,is_video,link_flair_background_color,link_flair_css_class,link_flair_richtext,link_flair_template_id,link_flair_text,link_flair_text_color,link_flair_type,locked,media_only,no_follow,num_comments,num_crossposts,over_18,parent_whitelist_status,permalink,pinned,post_hint,preview,pwls,removed_by_category,retrieved_on,score,selftext,send_replies,spoiler,stickied,subreddit,subreddit_id,subreddit_subscribers,subreddit_type,thumbnail,thumbnail_height,thumbnail_width,title,total_awards_received,treatment_tags,upvote_ratio,url,url_overridden_by_dest,whitelist_status,wls,author_flair_background_color,author_flair_template_id,author_flair_text_color
[],False,Big_Music2003,,[],,text,t2_cxvvi9jx,False,False,False,[],False,False,1663123395,i.redd.it,https://www.reddit.com/r/roblox/comments/xdqa9m/how_do_i_remove_the_black_bar_my_device_is_iphone/,{},xdqa9m,False,False,False,False,True,False,False,False,#ff9800,gamedevhelp,"[{'e': 'text', 't': 'Scripting Help'}]",fe190f62-8dec-11e6-90dd-0ea46ffb5d57,Scripting Help,light,richtext,False,False,True,1,0,False,all_ads,/r/roblox/comments/xdqa9m/how_do_i_remove_the_black_bar_my_device_is_iphone/,False,image,"{'enabled': True, 'images': [{'id': '9so9-V4wH7nX7TwvH1yNk0OHHkxr-yO_zTJeMnYVO1s', 'resolutions': [{'height': 49, 'url': 'https://preview.redd.it/4g8muqa7mqn91.jpg?width=108&amp;crop=smart&amp;auto=webp&amp;s=5a46a50af85bcdd7c974031fe7991ac8e1882614', 'width': 108}, {'height': 99, 'url': 'https://preview.redd.it/4g8muqa7mqn91.jpg?width=216&amp;crop=smart&amp;auto=webp&amp;s=3b36aa476693fa8680282771de260c2c5a8848a0', 'width': 216}, {'height': 147, 'url': 'https://preview.redd.it/4g8muqa7mqn91.jpg?width=320&amp;crop=smart&amp;auto=webp&amp;s=c08a707e53eb9b7edc64220440994a35a0203a0d', 'width': 320}, {'height': 295, 'url': 'https://preview.redd.it/4g8muqa7mqn91.jpg?width=640&amp;crop=smart&amp;auto=webp&amp;s=9a6c3bfd06b1f00d6f2666060bc263c5ac294666', 'width': 640}, {'height': 443, 'url': 'https://preview.redd.it/4g8muqa7mqn91.jpg?width=960&amp;crop=smart&amp;auto=webp&amp;s=5cadbb881f1d18fc2fdc3a25a7797ac19f1177dc', 'width': 960}, {'height': 498, 'url': 'https://preview.redd.it/4g8muqa7mqn91.jpg?width=1080&amp;crop=smart&amp;auto=webp&amp;s=df995b9d2dc11e0cb340fbca96837299b8c51605', 'width': 1080}], 'source': {'height': 1125, 'url': 'https://preview.redd.it/4g8muqa7mqn91.jpg?auto=webp&amp;s=b43fca429e892c49fc86cf96aa9ce6edd844d9e1', 'width': 2436}, 'variants': {}}]}",6,moderator,1663123406,1,,True,False,False,roblox,t5_2rnsh,516640,public,https://a.thumbs.redditmedia.com/RmwutY7MoJ7MJMUdasVCRsswRJIN6N0RrOehMewGVj0.jpg,64.0,140.0,how do i remove the black bar? my device is iphone xs in ios 16.,0,[],1.0,https://i.redd.it/4g8muqa7mqn91.jpg,https://i.redd.it/4g8muqa7mqn91.jpg,all_ads,6,,,
[],False,Bubbaadontcare,,[],,text,t2_3ev4tlwf,False,False,False,[],False,False,1663123771,self.roblox,https://www.reddit.com/r/roblox/comments/xdqetb/roblox_purchases/,{},xdqetb,False,False,False,False,False,False,True,False,#ffc107,generalhelp,"[{'e': 'text', 't': 'General Help'}]",fead087c-8a61-11e6-8e80-0e443ed93197,General Help,light,richtext,False,False,True,1,0,False,all_ads,/r/roblox/comments/xdqetb/roblox_purchases/,False,,,6,moderator,1663123782,1,[removed],True,False,False,roblox,t5_2rnsh,516643,public,self,,,Roblox purchases,0,[],1.0,https://www.reddit.com/r/roblox/comments/xdqetb/roblox_purchases/,,all_ads,6,,,
[],False,retroelai,,[],,text,t2_jw89mcqj,False,False,False,[],False,False,1663123711,self.roblox,https://www.reddit.com/r/roblox/comments/xdqe4k/so_i_just_went_to_roblox_i_got_bored_and_left_the/,{},xdqe4k,False,True,False,False,False,True,True,False,#9c27b0,discussion,"[{'e': 'text', 't': 'Discussion'}]",39df01ee-8a61-11e6-9871-0e7a198676f1,Discussion,light,richtext,False,False,True,0,0,False,all_ads,/r/roblox/comments/xdqe4k/so_i_just_went_to_roblox_i_got_bored_and_left_the/,False,,,6,,1663123721,1,HELP,True,False,False,roblox,t5_2rnsh,516643,public,self,,,"So I just went to Roblox, I got bored and left the game. AND FOR SOME RESSON IT BRANG TO TO THIS VERY DISGUSTING WEBSITE. Tell me what happend please.",0,[],1.0,https://www.reddit.com/r/roblox/comments/xdqe4k/so_i_just_went_to_roblox_i_got_bored_and_left_the/,,all_ads,6,,,
[],False,goos__,tbcrank,"[{'a': ':TBC_Old:', 'e': 'emoji', 'u': 'https://emoji.redditmedia.com/g9mstr26tqw31_t5_2rnsh/TBC_Old'}, {'e': 'text', 't': ' worthless'}]",:TBC_Old: worthless,richtext,t2_ma2zw7jl,False,False,False,[],False,False,1663123927,self.roblox,https://www.reddit.com/r/roblox/comments/xdqgsl/help_me/,{},xdqgsl,False,False,False,False,False,False,True,False,#ffc107,generalhelp,"[{'e': 'text', 't': 'General Help'}]",fead087c-8a61-11e6-8e80-0e443ed93197,General Help,light,richtext,False,False,True,1,0,False,all_ads,/r/roblox/comments/xdqgsl/help_me/,False,,,6,moderator,1663123938,1,[removed],True,False,False,roblox,t5_2rnsh,516644,public,self,,,Help me...,0,[],1.0,https://www.reddit.com/r/roblox/comments/xdqgsl/help_me/,,all_ads,6,transparent,729c5baa-bc57-11e4-9294-22000b6d8553,dark
[],False,Excellent_Relative_1,,[],,text,t2_8ku0tcww,False,False,False,[],False,False,1663124565,self.roblox,https://www.reddit.com/r/roblox/comments/xdqouk/is_anyone_here_good_at_finding_roblox_hairs_that/,{},xdqouk,False,False,False,False,False,False,True,False,#ffc107,generalhelp,"[{'e': 'text', 't': 'General Help'}]",fead087c-8a61-11e6-8e80-0e443ed93197,General Help,light,richtext,False,False,True,1,0,False,all_ads,/r/roblox/comments/xdqouk/is_anyone_here_good_at_finding_roblox_hairs_that/,False,,,6,moderator,1663124576,1,[removed],True,False,False,roblox,t5_2rnsh,516646,public,https://b.thumbs.redditmedia.com/-kMw032rewDsjflOJNUoX8vYzvnBoYgXhS5meYjzWyw.jpg,78.0,140.0,Is anyone here good at finding roblox hairs that match IRL hairs cause I need help with this,0,[],1.0,https://www.reddit.com/r/roblox/comments/xdqouk/is_anyone_here_good_at_finding_roblox_hairs_that/,,all_ads,6,,,
[],False,goos__,tbccomb,"[{'a': ':TbcIcon:', 'e': 'emoji', 'u': 'https://emoji.redditmedia.com/66s7ggretqw31_t5_2rnsh/TbcIcon'}, {'e': 'text', 't': ' stupid &lt;---'}]",:TbcIcon: stupid <---,richtext,t2_ma2zw7jl,False,False,False,[],False,False,1663124244,self.roblox,https://www.reddit.com/r/roblox/comments/xdqkoi/i_still_cant_seem_to_get_it/,{},xdqkoi,False,False,False,False,False,False,True,False,#ffc107,generalhelp,"[{'e': 'text', 't': 'General Help'}]",fead087c-8a61-11e6-8e80-0e443ed93197,General Help,light,richtext,False,False,True,1,0,False,all_ads,/r/roblox/comments/xdqkoi/i_still_cant_seem_to_get_it/,False,,,6,moderator,1663124254,1,[removed],True,False,False,roblox,t5_2rnsh,516645,public,self,,,I still can;t seem to get it...,0,[],1.0,https://www.reddit.com/r/roblox/comments/xdqkoi/i_still_cant_seem_to_get_it/,,all_ads,6,transparent,de0ae05e-187a-11e4-9466-12313b0c9247,dark
[],False,Dylan_the_hughes,,[],,text,t2_657gf2ku,False,False,False,[],False,False,1663124602,fiverr.com,https://www.reddit.com/r/roblox/comments/xdqpbq/is_this_roblox_tos/,{},xdqpbq,False,False,False,False,False,False,False,False,#009688,complaint,"[{'e': 'text', 't': 'Opinion'}]",156fbc18-8a61-11e6-a25f-0e7a198676f1,Opinion,light,richtext,False,False,True,0,0,False,all_ads,/r/roblox/comments/xdqpbq/is_this_roblox_tos/,False,link,"{'enabled': False, 'images': [{'id': 'aNNCcht6tu5pgc-ZeDJFA7c-B0IIRMjLg2mKOE4mUGU', 'resolutions': [{'height': 60, 'url': 'https://external-preview.redd.it/v8vahT4HGp7EMoJjpXoMNUNHtOEW-c93vNncMpMHtfg.jpg?width=108&amp;crop=smart&amp;auto=webp&amp;s=bf106a2bca713f8145b3287d54a068a9e6863a64', 'width': 108}, {'height': 121, 'url': 'https://external-preview.redd.it/v8vahT4HGp7EMoJjpXoMNUNHtOEW-c93vNncMpMHtfg.jpg?width=216&amp;crop=smart&amp;auto=webp&amp;s=88d90f8f513ee0c8bee497ac09471946c7f475fb', 'width': 216}, {'height': 180, 'url': 'https://external-preview.redd.it/v8vahT4HGp7EMoJjpXoMNUNHtOEW-c93vNncMpMHtfg.jpg?width=320&amp;crop=smart&amp;auto=webp&amp;s=c088f964cd0e14bad9077a0641a6e1f842ed90cc', 'width': 320}, {'height': 360, 'url': 'https://external-preview.redd.it/v8vahT4HGp7EMoJjpXoMNUNHtOEW-c93vNncMpMHtfg.jpg?width=640&amp;crop=smart&amp;auto=webp&amp;s=99de3c418de736666f0800a70d2112a508879bb8', 'width': 640}], 'source': {'height': 383, 'url': 'https://external-preview.redd.it/v8vahT4HGp7EMoJjpXoMNUNHtOEW-c93vNncMpMHtfg.jpg?auto=webp&amp;s=7f21bba4aa2c44a2846caddae97cb3824f451bb7', 'width': 680}, 'variants': {}}]}",6,automod_filtered,1663124613,1,,True,False,False,roblox,t5_2rnsh,516646,public,https://b.thumbs.redditmedia.com/f6FCd0FvT1dKUbjjEf0vjH6EFsU2ilSgYlDQVcHEDLA.jpg,78.0,140.0,is this ROBLOX TOS?!?!?,0,[],1.0,https://www.fiverr.com/share/KozmKE,https://www.fiverr.com/share/KozmKE,all_ads,6,,,
[],False,TDEyeehaw,,[],,text,t2_bl67zymi,False,False,False,[],False,False,1663125365,self.roblox,https://www.reddit.com/r/roblox/comments/xdqylf/looking_for_story_rich_non_horror_games/,{},xdqylf,False,False,False,False,False,False,True,False,#ffc107,generalhelp,"[{'e': 'text', 't': 'General Help'}]",fead087c-8a61-11e6-8e80-0e443ed93197,General Help,light,richtext,False,False,True,1,0,False,all_ads,/r/roblox/comments/xdqylf/looking_for_story_rich_non_horror_games/,False,,,6,moderator,1663125376,1,[removed],True,False,False,roblox,t5_2rnsh,516645,public,self,,,Looking for story rich non horror games!,0,[],1.0,https://www.reddit.com/r/roblox/comments/xdqylf/looking_for_story_rich_non_horror_games/,,all_ads,6,,,
[],False,justin0628,,[],,text,t2_2ojt3k91,False,False,False,[],False,False,1663125693,self.roblox,https://www.reddit.com/r/roblox/comments/xdr2rq/i_just_finished_creating_the_tutorial_level_of_my/,{},xdr2rq,False,True,False,False,False,True,True,False,#3f51b5,creation,"[{'e': 'text', 't': 'Creation'}]",5ab7dc58-f081-11e5-b093-0ef971f0403b,Creation,light,richtext,False,False,False,0,0,False,all_ads,/r/roblox/comments/xdr2rq/i_just_finished_creating_the_tutorial_level_of_my/,False,self,"{'enabled': False, 'images': [{'id': 'sUQuhbA73K9m3FjHq7mHRd0mh9hjUL6aKYodk4KshJs', 'resolutions': [], 'source': {'height': 1, 'url': 'https://external-preview.redd.it/py9BdpPVXuz_9y2hpVru9I9x8g8RxFBDdHKnnf42ZdQ.jpg?auto=webp&amp;s=9a209662f8757408a5c810b2e280782d843a9c91', 'width': 1}, 'variants': {}}]}",6,,1663125704,1,"The game is called ""The Complex"" and it is a horror game about a person (player) living in the apartment complex and they discover that one of the tenants left their door open so the player investigates it and they find out some sinister things the tenant does (kinda like ""hello neighbor""). On Chapter I, it's not yet shown since it's like a tutorial chapter. I would like to hear your thoughts about my game and if you have any ideas on what I could add then feel free to include it.

I am also aware that the cursor on the game is visible, for some reason `game:GetService(""UserInputService"").MouseIconEnabled = false` isn't working so if you can help me fix the cursor issue, please do.

Anyways, here's the link of the game: [https://www.roblox.com/games/10699768685/The-Complex-IN-DEVELOPMENT](https://www.roblox.com/games/10699768685/The-Complex-IN-DEVELOPMENT)",True,False,False,roblox,t5_2rnsh,516647,public,self,,,I just finished creating the tutorial level of my game and I would like you guys to test it and give me feedback.,0,[],1.0,https://www.reddit.com/r/roblox/comments/xdr2rq/i_just_finished_creating_the_tutorial_level_of_my/,,all_ads,6,,,
