title,url,id,subtitle,snippet,replies,views,username
Roblox toolbox has a problem,https://www.robloxforum.com/threads/roblox-toolbox-has-a-problem.88468/post-521151,521151,Everything Roblox,Roblox toolbox basically:,5,212,2021-10-28T09:43:44-0400
Roblox Voice chat,https://www.robloxforum.com/threads/roblox-voice-chat.67584/post-369104,369104,Everything Roblox,Roblox,10,514,2021-03-09T13:13:44-0500
Roblox is really good as Youtube,https://www.robloxforum.com/threads/roblox-is-really-good-as-youtube.16962/post-105843,105843,Everything Roblox,Roblox is really good as Youtube because roblox has chat filter. am I right?,3,775,2018-06-21T10:40:15-0400
Roblox Medieval 2019 Event Is Cancelled,https://www.robloxforum.com/threads/roblox-medieval-2019-event-is-cancelled.37277/post-179154,179154,Everything Roblox,"Roblox Medieval 2019 Event Was Really Disappointed, Now Begin Roblox Toys Event, Next Year.",2,589,2019-01-14T15:30:57-0500
Roblox is funner,https://www.robloxforum.com/threads/roblox-is-funner.18883/post-115492,115492,Everything Roblox,Roblox has more games to play than Fortnite,3,485,2018-07-10T12:42:08-0400
Roblox Forum,https://www.robloxforum.com/threads/roblox-forum.133/post-660,660,Game Design,roblox forum we are the new roblox forum so we need more people!!! shout it out everywhere,7,1K,2017-12-09T21:18:18-0500
Roblox+ Is weird,https://www.robloxforum.com/threads/roblox-is-weird.15655/post-98144,98144,General Discussion,"Roblox+ calls my alt (0x1m) Zero by One meter
?",7,791,2018-06-05T01:45:54-0400
Roblox should accept other languages and not tag them.,https://www.robloxforum.com/threads/roblox-should-accept-other-languages-and-not-tag-them.86765/post-511381,511381,Everything Roblox,Roblox should not tag all languages,1,132,2021-10-10T05:55:35-0400
roblox is having issues again,https://www.robloxforum.com/threads/roblox-is-having-issues-again.90073/post-530443,530443,Everything Roblox,roblox chat filter is slowing down in some games,2,322,2021-11-28T04:28:46-0500
Roblox news The New Roblox TOS,https://www.robloxforum.com/threads/roblox-news-the-new-roblox-tos.86491/post-509797,509797,Everything Roblox,Roblox updated their rules and it has caused tons of drama. Users hate the new Community Standards and wonder what the recent TOS changes could do to the platform. Feel free to watch the video for more. The New Roblox TOS make no sense - YouTube,3,227,2021-10-06T15:46:26-0400
Roblox,https://www.robloxforum.com/threads/roblox.18881/post-115483,115483,Everything Roblox,"Roblox is more funner than Fornite because Roblox has more games you could try out, but Fornite doesn't.",2,337,2018-07-10T12:29:44-0400
ROBLOX 2012 APRIL FOOL,https://www.robloxforum.com/threads/roblox-2012-april-fool.35885/post-173863,173863,Everything Roblox,"ROBLOX GOT HACKED ON APRIL 2012 1FT
LOL DES BETTA THAN POSTING ON ROBLOX FORUMZ
BVCLDSDFGHJNBVDSERTYHNBVCFDRTHNHBGFDERTYHJNBVFRDTHJNBVGFYHJNBVGFRTYHJHGFRTYHJ
JFJFJSI
GJFJJFO
LOL XD",1,487,2018-12-06T15:58:21-0500
Roblox Is Now Back Up!,https://www.robloxforum.com/threads/roblox-is-now-back-up.61671/post-333935,333935,Everything Roblox,"Roblox Is Now Back Up And Accessible, I Can Now Play Roblox, Thank You For Checking My messages For Updates.",0,139,2020-12-30T21:43:07-0500
Roblox: is down,https://www.robloxforum.com/threads/roblox-is-down.61648/post-333826,333826,Off Topic Lounge,Roblox users finding out this forum:,4,172,2020-12-30T20:37:26-0500
ROBLOX guidelines,https://www.robloxforum.com/threads/roblox-guidelines.25884/post-131288,131288,Clans & Guilds,"Roblox might Update their security guidelines, And If they do go to this link
---------> https://en.help.roblox.com/hc/en-us/articles/115004647846-Roblox-Terms-of-Use",0,435,2018-07-30T17:50:39-0400
ROBLOX community is trash,https://www.robloxforum.com/threads/roblox-community-is-trash.30541/post-140549,140549,Everything Roblox,ROBLOX had a better community back then but not good games,8,966,2018-08-16T14:29:17-0400
roblox,https://www.robloxforum.com/threads/roblox.42584/post-208841,208841,Everything Roblox,"??roblox es lo mejor es el mejor juego que es visto
?",0,227,2019-09-16T23:12:32-0400
Roblox branding guidelines do you hate it or like,https://www.robloxforum.com/threads/roblox-branding-guidelines-do-you-hate-it-or-like.67711/post-369997,369997,Everything Roblox,Roblox is doing this branding guidelines incase nobody knew which is Roblox guidelines towards Rthro,3,222,2021-03-10T12:50:13-0500
ROBLOX should really make a Linux version,https://www.robloxforum.com/threads/roblox-should-really-make-a-linux-version.58568/post-311151,311151,Game Design,ROBLOX should really make a Linux version of roblox or.... They just need to be careful with angry Finland,30,1K,2020-11-25T18:39:16-0500
Roblox is down,https://www.robloxforum.com/threads/roblox-is-down.72057/post-405574,405574,Everything Roblox,Roblox is currently down nothing is working the whole system is broken,9,444,2021-04-28T16:53:28-0400
roblox community has become too toxic,https://www.robloxforum.com/threads/roblox-community-has-become-too-toxic.66332/post-360492,360492,Everything Roblox,"roblox gangsters are very toxic they play games like, the streets da hood etc. they also online date (oder) and they simp what is really gross in my opion and the games have stomp or kissing or something toxic plz reply",23,1K,2021-02-23T11:55:04-0500
Roblox Promocodes!,https://www.robloxforum.com/threads/roblox-promocodes.45507/post-232643,232643,Everything Roblox,"Roblox recently hit a million followers on Instagram, so to celebrate they have four promo codes that you can use.
FASHIONFOX - For the Highlights Hood
THISFLEWUP - For the Shutter Flyers
FLOATINGFAVORITE - For the Hyper HoverHeart
and BEARYSTYLISH - For the Hashtag No Filter",9,2K,2020-02-17T08:39:22-0500
roblox needs to change its name,https://www.robloxforum.com/threads/roblox-needs-to-change-its-name.9137/post-50748,50748,Help,"roblox needs to change its name, but to what
i agree we should change it, but to what plz give some ideas for all that support it.",1,444,2018-03-28T21:31:45-0400
Roblox Shutdown Months Ago In 2018,https://www.robloxforum.com/threads/roblox-shutdown-months-ago-in-2018.36038/post-174707,174707,Everything Roblox,"ROBLOX shutdown months ago and it was really werid to see
I was on work at a pizza place and then suddenly saw something above the screen that said The game creator has shutdown the game
and i was CONFUSED
so about a few days later i come on and the site is back up
Roblox shutdown Multiple...",4,629,2018-12-09T22:44:20-0500
roblox studio keeps ****ing crashing and im ****ing pissed,https://www.robloxforum.com/threads/roblox-studio-keeps-ing-crashing-and-im-ing-pissed.72935/post-412570,412570,Help,"roblox studio keeps crashing, it's fine once it starts but after a while it just suddenly decides to ****ing crash",18,984,2021-05-10T15:10:25-0400
Roblox free robux scams needs to be stopped,https://www.robloxforum.com/threads/roblox-free-robux-scams-needs-to-be-stopped.62703/post-339578,339578,Off Topic Lounge,Roblox free robux scams are need to be stopped.Roblox free robux scam are fake because when a bot join the game and paste faster as he can a likn example:GUYS I GOT LOTS OF ROBUX...,5,499,2021-01-11T12:59:53-0500
ROBLOX IS ENDING IN 2021???????,https://www.robloxforum.com/threads/roblox-is-ending-in-2021.42368/post-207342,207342,Everything Roblox,"ROBLOX, A 20 year old game
Filled with hillarious memes and funniest of the werid people online....
Its kinda werid that i seen this but
I have firefox
and it says something when i go on page info....
this is heart breaking but roblox is ending/expiring
in... June 21st 2021
Ill be eleven years...",3,918,2019-09-05T18:23:33-0400
Roblox VR is a nightmare,https://www.robloxforum.com/threads/roblox-vr-is-a-nightmare.48551/post-252476,252476,Everything Roblox,"Roblox VR is an nightmare and I will tell you why. I'm using an Oculus Quest with Link with a GTX 1050, 16GB of RAM, and an i5 9300H to run this game.
First, The Controls. They are optimized for any of the games and this is the only time i prefer First Person View in Roblox. In Third Person...",9,1K,2020-05-15T17:28:24-0400
roblox moderation,https://www.robloxforum.com/threads/roblox-moderation.2609/post-18514,18514,General Discussion,"roblox really needs to get their stuff together. A bit of time ago there were **** ads running on roblox, and a bunch of decals that obviously break the rules are accepted. big rule breakers are not punished, but youtubers get banned for saying ""yes"". before the forums were deleted, people were...",16,2K,2018-02-15T22:29:07-0500
Roblox sucks at something,https://www.robloxforum.com/threads/roblox-sucks-at-something.92738/post-546034,546034,Off Topic Lounge,"roblox always was junk bc of games community, youtubers, dramas over some random ppls bc snowflakes cant take on dark jk
one thing i hate its some mommy flexxers, trying getting attention from some ppl who is ""jealous"". but if be honest nobody cares about stuff in games. P.s i am not jealous...",3,177,2022-01-29T05:52:02-0500
roblox,https://www.robloxforum.com/threads/roblox.66000/post-358289,358289,Scam Reports,roblox simply doesn't care about us they want to make money for example incendet with a stream they forgot to turn off the microphone and started talking in non cultural language that no matter how we buy things but I think that these employees were fired and so it all went on twitter,4,428,2021-02-19T09:43:54-0500
Roblox keep sending me to US servers?,https://www.robloxforum.com/threads/roblox-keep-sending-me-to-us-servers.85633/post-504659,504659,Help,"Roblox is keep sending me to US servers whenever I join a new server (Like, when you join an empty private server) even though I live in South Korea. It should normally send me to Tokyo servers, which is the closest, and it always did until like a week ago. My wifi is fine, and my friends who...",2,171,2021-09-24T02:13:22-0400
"Roblox Studio spawning ""Baddie"" NPCs?",https://www.robloxforum.com/threads/roblox-studio-spawning-baddie-npcs.53050/post-277056,277056,Help,"Roblox Studio is spawning NPCs which are labeled ""Baddie""s. I can delete them, but they just come back when I restart the studio, and they always spawn when I play the game.
On starting the studio:
after I delete and run the game:
I can't get rid of them no matter what I do.",2,379,2020-08-22T20:15:57-0400
ROBLOX Guests,https://www.robloxforum.com/threads/roblox-guests.9896/post-54855,54855,Everything Roblox,"it is shown that roblox guests have been introduced in september 26,2008 their appearance was called The ""NOOB"" The Character That Has A Blue Torso,Yellow Arms,Yellow Head and green legs later
Later, Guests would be given the same appearance as the ""Roblox"" account, including hats, allowing...",1,1K,2018-04-06T12:40:00-0400
ROBLOX kids be like...,https://www.robloxforum.com/threads/roblox-kids-be-like.98372/post-574238,574238,Everything Roblox,"ROBLOX kids be like... (This is more like a story than a meme but who freaking cares!)
Kid: Hey! Get over here you little brat.
Player: What? Why are you insulting me?
Kid: Because your avatar looks so ugly! So modern!
Player: Modern? Why is it a problem to have a modern avatar?
Kid: Because it...",4,304,2022-05-08T13:25:39-0400
ROBLOX...,https://www.robloxforum.com/threads/roblox.1874/post-10701,10701,Everything Roblox,"ROBLOX is one of the game that millions of people love, But some of you might hear of something called ODers (also known as Online Daters) And the problem is.. it is Obscenely dangerous for people, especially childrens. It's even worse if the person that you OD says ""Meet me in real life"" That...",6,637,2018-02-10T20:05:48-0500
ROBLOX is dying.,https://www.robloxforum.com/threads/roblox-is-dying.18693/post-114643,114643,Everything Roblox,"Roblox is a massive online game with over 50M Monthly active users and 100M Downloads On google play. Has been dying since it came along.
The micro transactions that have been ruining the game haven’t stopped,
Roblox In 2016 got rid of tickets, and since then LOTS of outrage broke out. Kids...",27,4K,2018-07-08T12:02:44-0400
roblox is removing premium features,https://www.robloxforum.com/threads/roblox-is-removing-premium-features.60130/post-323290,323290,Everything Roblox,"roblox premium is getting less worth it by the minute, with features being lost left and right
something as basic as better marketplace fees is getting removed in addition to being the only people allowed to upload to the catalog
the lmad community isn't very good to get into either at the...",4,310,2020-12-13T09:32:42-0500
Roblox Moderation is Glitched.,https://www.robloxforum.com/threads/roblox-moderation-is-glitched.4406/post-34989,34989,Everything Roblox,"ROBLOX's Moderation is bad, I agree, but its glitched. First of all, there's no ""ignore"" button on the report, they have to ban them, they only ignore stupid and dumb reports. First of all, an ""in-game-report"" only shows up a window to the moderators, besides they only have 1 automated system...",1,291,2018-03-04T15:11:25-0500
Roblox Studio or Roblox won't start up properly.,https://www.robloxforum.com/threads/roblox-studio-or-roblox-wont-start-up-properly.98350/post-574148,574148,Help,My Roblox Studio just recently started not opening up properly. Everytime I try to open it it stays in my Background Processes on Task Manager for a good 10 or so minutes and then when it finally loads the app I have to wait another 10 or so minutes just to get an error message or for Studio to...,1,75,2022-05-08T03:32:23-0400
ROBLOX CORP. (NYSE:RBLX) BIASED!!,https://www.robloxforum.com/threads/roblox-corp-nyse-rblx-biased.85963/post-506389,506389,Off Topic Lounge,"Roblox settles $200 million lawsuit with music publishers are you sure that ROBLOX REVENUE IS TRUE?
The National Music Publishers' Association has settled its $200 million lawsuit against Roblox Corporation, announcing today that it has entered into a new opt-in agreement that enables NMPA...",23,646,2021-09-29T10:36:47-0400
Roblox Games described in 10 words or less.,https://www.robloxforum.com/threads/roblox-games-described-in-10-words-or-less.100736/post-585170,585170,Everything Roblox,"I was bored, so I decided to do this. The rules for me are simple: describe Roblox games in 10 words or less.
For this thread, I'll describe most of the games I find on the ""Popular"" tab right now. I might make similar threads like this where I describe other games that did not make the list...",3,301,2022-07-06T18:29:38-0400
ROBLOX is going to fix their moderation?!,https://www.robloxforum.com/threads/roblox-is-going-to-fix-their-moderation.19210/post-117121,117121,Everything Roblox,"http://devforum.roblox.com/t/robloxs-moderation-needs-to-be-fixed/143524/48
Take a look at this. Cindering. The creator of ROBLOX High School. That place that everyone calls anyone on there ""ODer."" Just by reading the title of the forum, you can tell something's going to happen.
In regards to...",15,2K,2018-07-13T14:41:01-0400
Selling Roblox groups for sale,https://www.robloxforum.com/threads/roblox-groups-for-sale.89493/post-527224,527224,Buying - Selling - Trading,have 2 roblox groups for sell one is 300 robux and already has 26 people in it and is called sandy shores roleplay community. The other is 100 robux and has 2 people in it and is called sniper swat division. If you are interested please let me know I am eager to get rid of these because I have...,0,157,2021-11-15T18:26:47-0500
ROBLOX Game Creators/Developers should put XBOX Compatibility into Consideration,https://www.robloxforum.com/threads/roblox-game-creators-developers-should-put-xbox-compatibility-into-consideration.18601/post-114295,114295,Everything Roblox,"There are many people who play ROBLOX on computers and phones. However, the majority of people who don't have a computer will most likely play on XBOX, and that is what should be taken into consideration. Approximately 10 million people play ROBLOX each day. Most of them are on computers and...",2,323,2018-07-07T14:38:10-0400
ROBLOX Game Creators/Developers should put XBOX Compatibility into Consideration,https://www.robloxforum.com/threads/roblox-game-creators-developers-should-put-xbox-compatibility-into-consideration.18614/post-114359,114359,Everything Roblox,"There are many people who play ROBLOX on computers and phones. However, the majority of people who don't have a computer will most likely play on XBOX, and that is what should be taken into consideration. Approximately 10 million people play ROBLOX each day. Most of them are on computers and...",3,382,2018-07-07T19:55:00-0400
roblox studio got worse,https://www.robloxforum.com/threads/roblox-studio-got-worse.62060/post-335985,335985,Help,"Ok look, roblox studio has been around for like almost 15 years now. it has a big developing community and is a great software to make games.
but the thing is, is that something weird is going on. its like, all the time when i move objects, they wont move unless in certain directions. and all...",3,264,2021-01-04T15:53:30-0500
Selling Roblox 2017 old,https://www.robloxforum.com/threads/roblox-2017-old.93604/post-551168,551168,Buying - Selling - Trading,"Hey, I'm selling my roblox account Kevin1x_x , I dont use it anymore I'm 20 years old and don't have time to play it.
I'm not looking to waste anyone's time so I'm selling it for 120$.
Down below is important Information
Ninja and Superhero avatar animations
50+ gamepasses 50+ clothes...",23,632,2022-02-12T07:37:55-0500
ROBLOX Will Have to Scrap A lot of Good Items,https://www.robloxforum.com/threads/roblox-will-have-to-scrap-a-lot-of-good-items.3134/post-26434,26434,Everything Roblox,"Because ROBLOX keeps putting on long timers for items in which items won’t come out until another item sells out or goes offsale, so for me, nothing will come out until 2:00 PM Central Time! THEY HAVENT EVEN RELEASED THE 5 LEAKED FACES! THEY HAVEN’T DONE THE MOVIE WAVE YET! THEY BARELY DONE ANY...",0,325,2018-02-19T11:09:28-0500
Roblox is unplayable,https://www.robloxforum.com/threads/roblox-is-unplayable.66896/post-364089,364089,Everything Roblox,So recently Roblox has been unplayable. I don't know why it just happened all of a sudden and When I join any game My player walks so slow and my screen is delayed. And it's so laggy it's not playable. I tried about almost every youtube video on how to fix it. None of these worked and I even...,4,364,2021-03-02T09:57:16-0500
Roblox Studio Forum Not Functioning!,https://www.robloxforum.com/threads/roblox-studio-forum-not-functioning.72310/post-407583,407583,Help,"Hello everyone, I am here because Roblox Studio Forum doesn't let me post.
Soo.
This is what is on the forum.
Visitor
You get this level when you first log in on the Developer Forum through your Roblox account.
As a Visitor, you are able to view almost all categories of the forum, including...",0,107,2021-05-01T16:48:27-0400
Selling Roblox Gift Card - 2000 Robux [Includes Exclusive Virtual Item] [Online Game Code],https://www.robloxforum.com/threads/roblox-gift-card-2000-robux-includes-exclusive-virtual-item-online-game-code.63040/post-341346,341346,Buying - Selling - Trading,"Roblox Gift Card - 2000 Robux [Includes Exclusive Virtual Item] [Online Game Code]
Visit the Roblox Store
| DRM:
4.5 out of 5 stars 40,026 ratings
Price:
$25.00
Available now.
Ships from and sold by Amazon.com Services LLC.
Note: After purchase, you can access the item in Your...",1,342,2021-01-15T12:47:19-0500
Roblox is downing again? Or I got banned. I can't join to the game!,https://www.robloxforum.com/threads/roblox-is-downing-again-or-i-got-banned-i-cant-join-to-the-game.90663/post-533700,533700,Help,Hello Roblox. I have a bug of Roblox History. I am banned? I don't know if Roblox downing again or I banned. Here's my proof that I can't join the game. This is Bad Request. Can you please help me? Or fix the bug!,2,239,2021-12-13T14:34:38-0500
Roblox removed the builders club hard hat.,https://www.robloxforum.com/threads/roblox-removed-the-builders-club-hard-hat.40319/post-194469,194469,Everything Roblox,"Hello, Roblox Fan here. Today, roblox removed the builders club hard hat. Thankfully, I got builders club before it was removed, so I have it in my inventory.
Guys, let me know what you think about this removal and i'll see you in the next forum post.
Bye!",1,2K,2019-05-26T20:08:57-0400
Roblox is a big joke now lol.,https://www.robloxforum.com/threads/roblox-is-a-big-joke-now-lol.82852/post-487846,487846,Everything Roblox,"No one will care to go here but I am here to explain why Roblox is a joke in 2021.
1. There is a client problem in Roblox where you get this Error Code 268. Now that means that you got kicked for Unexpected Client Behaviour. Which is stupid because first of all there are really no problems with...",7,402,2021-08-21T02:22:52-0400
Roblox reset email wont arrive in hotmail,https://www.robloxforum.com/threads/roblox-reset-email-wont-arrive-in-hotmail.53589/post-279661,279661,Help,"I am am veteran of roblox from 2011 iv used my roblox account alot but recently, roblox wont send me a reset email. iv looked all over the internet trying to find why but no luck. iv even tried the reset on another account that had hotmail and it worked. but for some reason roblox has stopped...",8,938,2020-08-31T01:59:08-0400
Roblox Error 503 Not working,https://www.robloxforum.com/threads/roblox-error-503-not-working.49782/post-259709,259709,Everything Roblox,"My Roblox isnt working, no applications are. Im pretty sure its a problem for ROBLOX, and not with me. This is whats coming for me: If you are experiencing the same issues, or if its solved, please tell me.",2,456,2020-06-16T23:52:06-0400
Roblox game constantly freezing,https://www.robloxforum.com/threads/roblox-game-constantly-freezing.18725/post-114783,114783,Help,"My roblox would freeze for like 3-5 seconds constantly. I don't know what's wrong with it. Can anyone help me? It wasn't like this before. I've updated everything, video card, directx, java, etc.
I will attach a file information from dxdiag.",0,360,2018-07-08T16:35:57-0400
Roblox,https://www.robloxforum.com/threads/roblox.96994/post-568196,568196,New Member Introductions,"Sup roblox what games to you play i want tp olay livetopia v dis slow how do i fix it i want to play it on my how you get rich looks have any money i aint spenden money
Thats my favorite color awosome",1,115,2022-04-13T23:50:28-0400
ROBLOX I WANT MY BLOXY FACE!,https://www.robloxforum.com/threads/roblox-i-want-my-bloxy-face.69285/post-382207,382207,Everything Roblox,hi roblox sorry for the cap lock but its just that i got the blox face badge but i dont have the face? i checked and refreshed my page but i dont have it. please help me roblox my username is : awesomeafg1,3,206,2021-03-27T16:40:23-0400
Roblox events have really declined in quality this year,https://www.robloxforum.com/threads/roblox-events-have-really-declined-in-quality-this-year.54921/post-286727,286727,Everything Roblox,"Now Roblox is doing scummy things like making hats cost robux instead of free. In fact, Roblox has an event right now where EVERY hat costs robux. Roblox really needs to consider how they make their events and such.",5,321,2020-09-25T18:27:29-0400
"Roblox Has Changed All ""Games""",https://www.robloxforum.com/threads/roblox-has-changed-all-games.73432/post-416711,416711,Everything Roblox,"You may have noticed, Roblox had changed all the ""Games"" into ""Experiences"". For example, it says ""Friends visiting"" instead of ""Friends playing"". Why had Roblox changed that?
If you have played Fortnite on iOS, when you purchase V-bucks, the Apps Store gets 30% of the money. Epic Games (The...",0,134,2021-05-16T15:20:57-0400
Roblox not rendering on Mac,https://www.robloxforum.com/threads/roblox-not-rendering-on-mac.42416/post-207601,207601,Help,"""Heavier"" games on Roblox work trash on my Mac. They never render well. A lot of the parts and other people in the games just are invisible or are all grey. Some buttons also are invisible, which makes a lot of games unplayable. With heavier I mean games like Phantom Forces.
Screenshot of...",17,3K,2019-09-07T11:17:21-0400
Roblox Ping (Please help),https://www.robloxforum.com/threads/roblox-ping-please-help.81199/post-476668,476668,General Discussion,"I live in Australia, I've played Roblox for years. a few years in I realized I had high ping but didn't notice. But now I find games that I really like but in order to play them up to par with everyone else I need good ping. I feel like I've tried EVERYTHING to lower my ping, and I believe I...",3,281,2021-08-02T01:38:12-0400
Roblox Rip-offs have gone too far.,https://www.robloxforum.com/threads/roblox-rip-offs-have-gone-too-far.94340/post-555250,555250,Everything Roblox,"Why Do They Suck?
They generally ripoff assets and items from Roblox.
When Brick Hill ripped off Roblox's Blue Bubble Trouble in 2018, Space lied to people and said he never knew what it is, yet it clearly looks similar to it.
Brick Hill later added a item named Impostor Head in 2021, and the...",3,355,2022-02-23T13:40:39-0500
Roblox Studio fps issues.,https://www.robloxforum.com/threads/roblox-studio-fps-issues.14091/post-88130,88130,Help,"Heyo, my roblox studio is incredibly choppy I think I'm getting a solid 20 fps which is friggin' insane! When I play Roblox itself on other people's games or my games I run a smooth 60 all the time. The poor performance only occurs when I am in studio edit mode. This hasn't happened before, it...",6,1K,2018-05-21T22:44:04-0400
Roblox not sending 2FA code.,https://www.robloxforum.com/threads/roblox-not-sending-2fa-code.68510/post-376337,376337,Everything Roblox,"Hello everyone, Roblox is not sending me any 2FA codes or reset password codes, I've recently been logged out of my account for this and I cannot log back in, I tried to contact Roblox and they said reset your password but it doesn't send me the link for it either, I would appreciate if anyone...",0,206,2021-03-19T07:49:35-0400
Roblox's new robux system...,https://www.robloxforum.com/threads/robloxs-new-robux-system.25602/post-129709,129709,Help,"so roblox started using a web site called Xsolla to manage robux, but guess what... it doesnt give you robux and it takes your money!!! But if you just look up a tutorial on how to get rid of it your ok",14,2K,2018-07-27T16:14:41-0400
ROBLOX LOGIC :I,https://www.robloxforum.com/threads/roblox-logic-i.9692/post-53484,53484,Everything Roblox,"So in roblox you are a 10 year old kid that likes to shoot things and has a adiction for noobs,he doesint have robux and wants to get hot gf's online and have ""Siks"" With them,
Roblox partyes are weird
everytime you go into one you see:
And that isint even the begining,there are even trollers...",3,524,2018-04-04T11:30:02-0400
"ROBLOX group ""IT ALLIANCE"" EXPOSED",https://www.robloxforum.com/threads/roblox-group-it-alliance-exposed.15556/post-97294,97294,Everything Roblox,"IT ALLIANCE (https://www.roblox.com/My/Groups.aspx?gid=3508452) is an anti-oder group, mostly being known for attacking a group called ""dabber clan"" (https://www.roblox.com/My/Groups.aspx?gid=3579415). They are also attacking a girl named ""hotchelsey"". They claim she is an oder. Alright, saying...",4,656,2018-06-04T02:09:37-0400
ROBLOX Plugin Development (HIRING),https://www.robloxforum.com/threads/roblox-plugin-development-hiring.25061/post-126401,126401,Game Design,"Hello everyone.I am RoccoAttackYT(ROBLOX)
I am working on an Artificial Intelligence plugin project for ROBLOX.The goal is to achieve high amounts of intelligence.As the title says,I am hiring (On a sorry note: i do not have enough ROBUX to pay you all the time.Sorry unless your fine with that)...",0,352,2018-07-21T18:57:51-0400
Roblox Showcases,https://www.robloxforum.com/threads/roblox-showcases.44397/post-225091,225091,Everything Roblox,"Hello!
I am here to show you a part of Roblox many people glance over.
Showcases.
Showcases are games people make that are just to look at.
Some showcases have a lot of effort into them, and I wanted to share 3 with you today, and hopefully get you interested in showcases.
1. Christmas Cabin by...",0,321,2019-12-21T12:39:48-0500
roblox clothing groups to share (40+ groups mentioend),https://www.robloxforum.com/threads/roblox-clothing-groups-to-share-40-groups-mentioend.70909/post-396135,396135,Everything Roblox,"...aesthetic or emo clothing group which is just about the only ones I really see nowadays. I always google searched ""original clothing groups roblox"" and could really only find 1 or 2 or a bad youtube video that has 8 generic clothing stores so I found my own and here's what I found. Most of...",0,6K,2021-04-14T12:09:17-0400
Roblox Censoring Usernames/Existing Game Titles/Innocent Words,https://www.robloxforum.com/threads/roblox-censoring-usernames-existing-game-titles-innocent-words.39393/post-188358,188358,Help,"So, I've been having a problem with the Roblox Tagging System. It's censoring usernames when you search them in the ""Players"" category but not in-game (which I suppose is an update making it easier to speak to people by using their username in the message). Roblox is also censoring game titles...",8,3K,2019-04-28T15:53:15-0400
Roblox not working and saying Error 4,https://www.robloxforum.com/threads/roblox-not-working-and-saying-error-4.6651/post-44582,44582,Help,"Hey Roblox has not been working for some windows 10 users (maybe mac idk) and it has been saying ""initializing error 4""
post if you are having a problem or you know a solution",4,2K,2018-03-20T16:59:02-0400
Roblox disconnecting without popup,https://www.robloxforum.com/threads/roblox-disconnecting-without-popup.76041/post-439344,439344,Help,"Hi there,
My Roblox often disconnects randomly without the disconnected popup. When I disconnect I can still move around in-game but other players will see me as disconnected/left the game. My situation is similar to this thread, https://robloxforum.com/threads/roblox-randomly-closing.63324/ but...",0,163,2021-06-11T01:13:46-0400
ROBLOX FORUM NEWS FIRST AIRING,https://www.robloxforum.com/threads/roblox-forum-news-first-airing.91569/post-538863,538863,Everything Roblox,"WHAAAAAT IIIIISSSSS UP ROBLOX FORUM NEWS MY NAME IS KILLER DOMINICFOX101 LET'S GET ROOOOOOIIIIIIGHT INTO THE NOOOOOOWWWSSS
SO TODAY i went on to roblox and i saw a friend of mine playing a game called gacha life. of course, i dislike gacha life, and i almost joined him to make fun of him BUT...",3,285,2022-01-06T20:16:48-0500
Roblox Clothing Hack,https://www.robloxforum.com/threads/roblox-clothing-hack.50115/post-261877,261877,Everything Roblox,"Say, you want this roblox shirt. But as you can see, it's 14 robux and you want it for the most cheapest price, 5 robux. But maybe you don't have premium, so
you can't copy the shirt.
Here's how to get the shirt without premium.
Step one: Select and copy the title of the shirt.
Step two...",2,2K,2020-06-26T18:31:29-0400
roblox started lagging for no reasobn,https://www.robloxforum.com/threads/roblox-started-lagging-for-no-reasobn.102844/post-594844,594844,Help,"hi i use to play roblox everyday and everything was normal, no lag, no crash my game was normal until one day i wanted to join some friends on piggy but when i tried to join them, my screen was freezing, my mouse wasn't appearing on my screen and nothing was moving, the only thing i could do was...",0,57,2022-08-19T11:25:43-0400
Roblox custom character not moving/floating in the air,https://www.robloxforum.com/threads/roblox-custom-character-not-moving-floating-in-the-air.47075/post-242107,242107,Help,"I have been working on a Roblox game that is quite similair to the 80's arcade game called Q bert where the goal is to change all the colors of the squares by jumping on them.
I have made a custom Roblox character a robot with a floppy disk for a belly that is supposed to replace the default...",2,1K,2020-04-12T23:36:44-0400
Roblox Forum is becoming a mess,https://www.robloxforum.com/threads/roblox-forum-is-becoming-a-mess.35437/post-171323,171323,Help,"Come back to Roblox Forum, it's becoming a mess! Come back to Roblox Forum, it's becoming a mess!
Come back to Roblox Forum, it's becoming a mess!Come back to Roblox Forum, it's becoming a mess!Come back to Roblox Forum, it's becoming a mess!Come back to Roblox Forum, it's becoming a mess!Come...",6,356,2018-11-28T09:53:29-0500
Roblox Studio invisible parts glitch,https://www.robloxforum.com/threads/roblox-studio-invisible-parts-glitch.81410/post-477841,477841,Help,"I edited my Roblox game, then published the changes I made and exited Studio. None of the changes I made were published and I opened Studio when I saw
none of my changes were made and this was on the screen
All my parts where there but it didn't show in studio and when I add a new part...",2,232,2021-08-04T09:20:24-0400
"Roblox Forum is Being Revamped I Information, F.A.Q. & More",https://www.robloxforum.com/threads/roblox-forum-is-being-revamped-i-information-f-a-q-more.36102/post-175021,175021,General Discussion,"Introduction
Hello fellow forumers, my name is Natalie and I am the creator of a new Roblox Forum Discord (soon to be website), you may have seen advertisements around this Discord and in the official Roblox Forum Discord. It is very confusing as there is no clear distinction between the two and...",21,614,2018-12-10T23:02:28-0500
Roblox Dev Problem,https://www.robloxforum.com/threads/roblox-dev-problem.19315/post-117611,117611,Help,"In the roblox game i'm making i'm trying to make harvest able blocks by using a tool and then it will show how much of that item (Wheat) I have but i can't figure it out!
p.s i'm trying to make it harvest able like in bee swarm simulater
Please help!!",5,698,2018-07-14T10:19:48-0400
Roblox isnt working MAJOR HELP NEEDED,https://www.robloxforum.com/threads/roblox-isnt-working-major-help-needed.46526/post-238991,238991,Help,My roblox isn't working ever since YouTube stopped working on 3/30/20. Idk what's going on halp,4,287,2020-03-31T14:02:08-0400
Roblox Studio Help,https://www.robloxforum.com/threads/roblox-studio-help.25495/post-129172,129172,Help,"In Roblox Studios, when ever I try getting a template from the toolbox, it does not put it in my Workspace?
never mind I figured it out :D",1,807,2018-07-26T13:51:30-0400
Roblox installed twice on my computer.,https://www.robloxforum.com/threads/roblox-installed-twice-on-my-computer.30692/post-141274,141274,Help,"So a couple days ago Roblox updated itself but when I was cleaning my computer out of unwanted software,I saw that there was 2
Roblox software installed.I did the normal thing at the time and uninstalled one of them,however that made things worse,Whenever I now try and play a Roblox game it...",9,2K,2018-08-19T05:37:43-0400
Roblox Bio problems?,https://www.robloxforum.com/threads/roblox-bio-problems.37084/post-178406,178406,Help,"My roblox bio keeps scrunching up, it doesnt stay spaced out. Any ideas on how to fix this?
If anyone would like pictures I will give them.",1,325,2019-01-07T18:05:49-0500
Selling Roblox group’s for sell,https://www.robloxforum.com/threads/roblox-group%E2%80%99s-for-sell.89294/post-526238,526238,Buying - Selling - Trading,"I have 2 roblox groups I'm selling one is 800 robux and has 25 people, here is the link if you want to see that it has 25 people Group with 25 people in it. The other server is 300 robux, here is the link Group for 300 robux. So let me know if you are interested",0,132,2021-11-10T21:34:40-0500
Roblox Support being a total sh**,https://www.robloxforum.com/threads/roblox-support-being-a-total-sh.103323/post-596902,596902,Help,"So, around two months ago, I was suddenly logged out of my account and Roblox sent me a gmail saying:
2-Step Verification with Email Deactivated by Roblox Support: charlieboy36368
Hello, This message is to notify you that our support team has deactivated 2-Step Verification with Email on your...",0,41,2022-09-02T10:53:24-0400
-Roblox Commissions Open-,https://www.robloxforum.com/threads/roblox-commissions-open.17650/post-109319,109319,Game Design,"Contacts-
Twitter- The_Steel_Show
Discord: STEELDOESATHING#1391
Roblox: STEELPLAYS99
--------------------------------------------------------------------------------------------------------------
About Me- Hello There! I'm an artist and gamer on Roblox opening commissions for you and your...",4,848,2018-06-27T18:30:30-0400
ROBLOX,https://www.robloxforum.com/threads/roblox.2432/post-16207,16207,Everything Roblox,So roblox has this program where they partner up with youtubers and create a bigger fanbase for both the youtube channel along with ROBLOX.,4,539,2018-02-13T20:47:09-0500
Roblox is uploading new clothing,https://www.robloxforum.com/threads/roblox-is-uploading-new-clothing.77570/post-451241,451241,Everything Roblox,"https://www.roblox.com/catalog/6984771334/LC-Sweater-CableKnit-Pink-001-Accessory
https://www.roblox.com/catalog/6984776307/LC-Left-Shoes-Running-Black-001-Accessory
https://www.roblox.com/catalog/6984779324/LC-Right-Shoes-Running-Black-001-Accessory...",2,1K,2021-06-25T19:30:29-0400
Roblox has locked me out of my account.,https://www.robloxforum.com/threads/roblox-has-locked-me-out-of-my-account.76295/post-441416,441416,Help,"I was logged out of my Roblox account and I was confused on why, I tried to log back into it and it said the password has gotten changed, I go to check my email and it says ""2-Step Verification with Email Deactivated by Roblox Support, Hello [username] This message is to notify you that our...",3,1K,2021-06-13T12:08:09-0400
Roblox is going WAY TOO FAR with removing clothes,https://www.robloxforum.com/threads/roblox-is-going-way-too-far-with-removing-clothes.62791/post-339975,339975,Everything Roblox,day 2 of robloxs big removing disaster... Roblox removed my next 2 non-copied clothing and didn't refund me again woohoo! Ok but i ain't kidding rn like... Wait... I think that maybe if you want to make clothing u have to be like 5 months maybe on roblox or less? Feel free to disagree with me...,8,397,2021-01-12T11:58:53-0500
Roblox groups for sell,https://www.robloxforum.com/threads/roblox-groups-for-sell.89287/post-526199,526199,Everything Roblox,I have 2 roblox groups for sell one is 800 robux and already has 20+ people in it and is called sandy shores roleplay community. The other is 200 robux and has 2 people in it and is called sniper swat division. If you are interested please let me know I am eager to get rid of these because I...,0,170,2021-11-10T19:27:17-0500
"ROBLOX ""Free Robux"" website scam games are back.",https://www.robloxforum.com/threads/roblox-free-robux-website-scam-games-are-back.12286/post-73704,73704,Help,"I was going through ROBLOX's front page and found this.
I clicked on it.
As it was loading I checked the visits.
Exhibit A:
Either this fane blew up or what..
BOTS.
The maker of the game is a real person.
(EVIDENCE)
Game has a legit description
But the player joined today. (Wednesday May 2nd)...",8,2K,2018-05-02T19:33:00-0400
Roblox is not starting up,https://www.robloxforum.com/threads/roblox-is-not-starting-up.15497/post-96944,96944,Help,"So toady i went to play some roblox but when the game was trying to load it crashed, I tried it a few more times and the same result happened, so i decided to unistall roblox and install it again and also i removed alot of files related to roblox. but when i tried installing it again it says...",3,477,2018-06-03T16:19:11-0400
Roblox Removes almost all Audio IDs not uploaded by them!,https://www.robloxforum.com/threads/roblox-removes-almost-all-audio-ids-not-uploaded-by-them.18079/post-111710,111710,Everything Roblox,"So let me explain this. So today or rather tonight I decided I would get on Roblox for the first time in weeks or months, I don't really know I forgot when I last played, but when I went to go play Bloxburg and went to go play the audio IDs I use for my waterfall I have on my plot I noticed...",2,846,2018-07-02T00:25:43-0400
Roblox Grass Update,https://www.robloxforum.com/threads/roblox-grass-update.43781/post-219321,219321,Everything Roblox,"https://devforum.roblox.com/t/introducing-grass/386129
If you haven't heard already, grass has been released! Six days late on this one, but honestly this update is amazing and worthy of an entire post about it. This is just the beginning of the new decoration system and many more related...",11,2K,2019-11-20T19:32:39-0500
Roblox Forum Art Competition!,https://www.robloxforum.com/threads/roblox-forum-art-competition.55072/post-287659,287659,Forum Games,"Hello and welcome to the Roblox Forum Art competition! This is where you will make your best artwork within a couple days and the winner gets.. a brand new profile photo from me! I will get my favourite three and then YOU! will decide the winner! I will be listed the rules now, read carefully...",18,576,2020-09-28T18:19:02-0400
Roblox Lighting Not Working?..,https://www.robloxforum.com/threads/roblox-lighting-not-working.40531/post-195723,195723,Help,"So I'm currently having issues with the lighting system on Roblox that I had stupidly just noticed a couple of days ago. There was an update on Bloxburg, and the creator decided to change the lighting of the game and with what I saw, the lighting looked a bit weird. I increased my graphics level...",4,2K,2019-06-02T15:09:10-0400
Roblox Freezes after 10 - 15 mins.,https://www.robloxforum.com/threads/roblox-freezes-after-10-15-mins.98072/post-572980,572980,Help,"Hi there, When I play Roblox (usually pretty big games but not huge like Liberty Response) after about 10 mins of playtime my screen freezes and I sometimes only see a quarter of my screen.
I think there is a memory leak going on, when I do the shortcut F9 and see how much memory it uses I...",0,70,2022-05-02T15:24:21-0400
roblox worker info leaked on dark web,https://www.robloxforum.com/threads/roblox-worker-info-leaked-on-dark-web.101516/post-589050,589050,General Discussion,"Currently, roblox workers personal info, such as driver licenses, phone numbers, etc. have been leaked on the dark web.
also. internal documents have been posted too. source: malwarebytes blog",2,118,2022-07-21T20:36:42-0400
"Selling ROBLOX Accounts, 2009 - 2013, CHEAP, PAYPAL ACCEPTING.",https://www.robloxforum.com/threads/roblox-accounts-2009-2013-cheap-paypal-accepting.39004/post-186650,186650,Buying - Selling - Trading,"Selling roblox accounts, 2009 - 2013, only paypal not any robux of sort, if wanting to see any pictures or sort, dm me on the messages of this forum's",1,583,2019-04-16T05:19:52-0400
Roblox Anthro,https://www.robloxforum.com/threads/roblox-anthro.2355/post-15374,15374,Everything Roblox,"Anthro. The ROBLOX character that will be added that is also known as R30. Only the stupid ******** ODers will like this.
Why did roblox even think that it was a good idea? I know they support ODers, maybe that's why. You get banned for being an anti-ODer.",17,2K,2018-02-13T07:48:23-0500
Roblox isn't loading the game,https://www.robloxforum.com/threads/roblox-isnt-loading-the-game.46029/post-235664,235664,Help,"The roblox O isn't loading for me, Is this a bug or has anyone else had this problem?",0,196,2020-03-15T09:45:06-0400
Roblox premium wont let me cancel/upgrade,https://www.robloxforum.com/threads/roblox-premium-wont-let-me-cancel-upgrade.83017/post-488798,488798,Help,"When i go to roblox purchase robux, it shwos all the deals for premium robux.. When i go to ""Billing"" it says that the renewal will be on 08/22 but its already 08/23. I press cancel renewal but then it just goes to a page showing ""No subscription is currently etc"" and when i go to my google...",2,512,2021-08-23T12:46:30-0400
Roblox stop loading servers on xbox one s,https://www.robloxforum.com/threads/roblox-stop-loading-servers-on-xbox-one-s.46353/post-237945,237945,Help,"Hi all, Roblox few days ago stop loading any game ( when i choose server to play - ten i see first page and server freeze and stop loading game) on my xbox one s, i try reinstal Roblox, clear console etc. Of course, game pass purchased. Any ideas why? And what else can I do to play?",5,301,2020-03-25T16:18:30-0400
roblox is down again...,https://www.robloxforum.com/threads/roblox-is-down-again.95168/post-559552,559552,Everything Roblox,"so roblox website on page is saying why is kinda weird ngl so can anyone help me?
Server Error in '/' Application.",3,185,2022-03-09T09:16:46-0500
Roblox 1 FPS Lock Glitch,https://www.robloxforum.com/threads/roblox-1-fps-lock-glitch.86828/post-511876,511876,Help,So recently from the more recent roblox updates I have been experiencing a glitch where my framerate randomly gets locked to 1 FPS. My laptop has an i3-1005g1 with integrated graphics and I can run roblox fairly well without this glitch. This glitch occurs when I join a game or warp to a new...,0,266,2021-10-10T21:18:34-0400
ROBLOX Tickets,https://www.robloxforum.com/threads/roblox-tickets.32836/post-153137,153137,Everything Roblox,"Hello, this thread is about ROBLOX tickets, so Im not gonna rant about roblox have to give it back, its good they removed it in the first place anyways since people could make accounts and buy their shirt and get tickets and transfer it to ROBUX, which was not allowed back in the day when TIX...",2,555,2018-09-27T08:57:18-0400
Roblox Game Making Competition,https://www.robloxforum.com/threads/roblox-game-making-competition.25773/post-130640,130640,Everything Roblox,"Hello, Iam doing a competition in roblox game making, Everyone will need to make a game and publish it when its done and they should put the link of it below in the replies and Iam going to decide the winner
You need to post your roblox in-game name before entering the competition, you will put...",9,863,2018-07-29T16:45:00-0400
Roblox Studio Union Glitch,https://www.robloxforum.com/threads/roblox-studio-union-glitch.38628/post-185313,185313,Building,"While working in Roblox Studio, I encountered an interesting bug.. I was attempting to union a cylinder block with 2 negative parts:
A pretty simple platform block. It looks fine when it's done, but I later realized there were invisible spacing on the block:
I've had this bug twice so far. If...",0,687,2019-03-31T18:20:36-0400
roblox wikia in a nutshell,https://www.robloxforum.com/threads/roblox-wikia-in-a-nutshell.10960/post-62934,62934,Everything Roblox,"i roblox wikia was admin put delete 2018 places by Anzu-TLK ;(
Anzu-TLK IS WORST ADMIN IN ROBLOX WIKIA!",4,600,2018-04-18T20:07:02-0400
Roblox Censoring System is failing and their support desk is unhelpful,https://www.robloxforum.com/threads/roblox-censoring-system-is-failing-and-their-support-desk-is-unhelpful.41656/post-202859,202859,Everything Roblox,"Yeah I was playing Legendary Football one day and I said: ""May I please be Quarterback?"" and roblox censored ""May"" just because Im asking and May is a name? Wow Roblox. It was like this: ########## I be Quarterback? I've seen people bypass the swear word filters. I think they need to fix their...",4,2K,2019-07-25T10:19:49-0400
Roblox 2019 Events Calendar,https://www.robloxforum.com/threads/roblox-2019-events-calendar.36876/post-177650,177650,Everything Roblox,"Event Date Special Feature
Roblox Medieval 2019 1/18-1/30
Winter Game 2019 2/15-2/28
RPO Last Year  3/12-3/30 Only Reason 2 Die Awakening Get Dominus Bronze On Chest Boss
Kids' Choice Awards 2019...",3,3K,2018-12-31T22:15:23-0500
Roblox is Dying,https://www.robloxforum.com/threads/roblox-is-dying.91758/post-540041,540041,Everything Roblox,"I think ROBLOX is dying because of the amount of ROBLOX users that are quitting. Roblox games are getting a bit boring for me, and as a new scripter and modeler I can't even entertain myself with my own game.
Any suggestions?",4,401,2022-01-12T18:03:20-0500
Roblox Preservationist,https://www.robloxforum.com/threads/roblox-preservationist.62871/post-340491,340491,Everything Roblox,"I am a firm believer that old Roblox was great. I am a firm believer that modern Roblox is great. Both of them have their ups and downs, pros and cons. So what is the Roblox Preservationist Project? The Roblox preservationist project is a FANDOM Wikipedia designed to make a database in the aims...",1,235,2021-01-13T13:05:13-0500
roblox does not seem fun as it used to be,https://www.robloxforum.com/threads/roblox-does-not-seem-fun-as-it-used-to-be.42261/post-206694,206694,Everything Roblox,"hello everyone, I would like to tell why roblox does not seem fun for me as it used to be, here we go:
1. The drama between me and king never stops
seriously, I want it to end, but no, looks like my enemy does not want to end this madness, he was threatning that he will raid my roblox group...",6,743,2019-08-30T17:42:49-0400
Roblox game Builder,https://www.robloxforum.com/threads/roblox-game-builder.39452/post-188676,188676,Everything Roblox,"Hi guys! I looking for a talented roblox world builder, 3D Modeller for my game!
My rules:
- Do not copy other games!
- Do not use Marketplace items!
- Do a good JOB :)
*MORE IN PRIVATE*
( ͡° ͜ʖ ͡°)
And I'am looking for a pro 3D Modeller (BLENDER 3D)
My rules:
- Make nice models for...",16,2K,2019-04-30T04:09:30-0400
roblox moderation SUCKS,https://www.robloxforum.com/threads/roblox-moderation-sucks.95376/post-560652,560652,Everything Roblox,Oh my god roblox moderation messed up i got banned becasue of them sadly i cant get unbanned MODERATION IS SO ****ING UNFAIR AAAAAAAAAAAAAAAAAAAAAAA i even ****ing contackt with these ****ing assholes wait i dont have to be that mean sorry well they cannot unban my account probably and this...,12,415,2022-03-12T16:36:33-0500
ROBLOX Old Logo,https://www.robloxforum.com/threads/roblox-old-logo.92162/post-542650,542650,Everything Roblox,"The old roblox logo in my opinion was very cool, those red and white colors with those striking letters made a great logo!!! I'm still not convinced by the new logo :/",7,335,2022-01-20T20:47:34-0500
"Roblox limited scam, can’t get limited back.",https://www.robloxforum.com/threads/roblox-limited-scam-can%E2%80%99t-get-limited-back.89298/post-526248,526248,Scam Reports,"Hiya, recently I was scammed of about 10k robux in limiteds. I emailed roblox support, and they now say that I can’t get my limiteds back. They said that my account was never compromised, so they won’t roll back the trades.
I’ve figured out why this is, and just wanted to warn people. The...",6,925,2021-11-10T22:45:34-0500
Roblox NHL,https://www.robloxforum.com/threads/roblox-nhl.30787/post-141891,141891,Game Design,"Greetings.
I got this idea today about making a Roblox NHL game.
NHL is an abbreviation for National Hockey League.
I am interested in some scripters (even if I can't really pay) and I'm the builder and animator. A GFX Designer is not needed as I will do that too, maybe a thumbnail designer...",2,539,2018-08-20T16:57:17-0400
Why Roblox is bad,https://www.robloxforum.com/threads/why-roblox-is-bad.13596/post-83979,83979,Help,roblox removing forums roblox removing tix,2,478,2018-05-18T15:49:55-0400
Roblox news: New event on Roblox called Vans World,https://www.robloxforum.com/threads/roblox-news-new-event-on-roblox-called-vans-world.83867/post-494074,494074,Everything Roblox,"A skateboard game ""Off the Wall"" Roblox experience! From the sandy beaches to the iconic House of Vans, this massive skate park is just waiting for you to explore. Hang out with your friends and compete to see who can pull off the most insane tricks, take on daily challenges, and customize your...",5,250,2021-09-01T12:12:11-0400
Roblox dating tip,https://www.robloxforum.com/threads/roblox-dating-tip.101452/post-588804,588804,Everything Roblox,"*this tip is not for dating inside roblox cause that's bad*
But a cool tip is that women that are interested in you will always play Roblox with you (except if they can't because they don't have a computer or stuff like that)
Of course if you're the kind of guy to have female friends and they...",5,254,2022-07-20T19:54:13-0400
ROBLOX intensely lagging whenever I load into a game,https://www.robloxforum.com/threads/roblox-intensely-lagging-whenever-i-load-into-a-game.82999/post-488682,488682,Help,"Hello. Over the past two days, I've been experiencing severe lag issues with the Roblox client whenever I load into a game. Everytime I click play on and Roblox client opens, the client FPS would become extremely choppy and usually become not responding for a second or two. When I load into the...",3,260,2021-08-23T02:24:08-0400
Roblox Studio,https://www.robloxforum.com/threads/roblox-studio.58186/post-308611,308611,Game Design,How to do roblox studio roblox studio is not money to pay roblox studio is free so you can create games and scripts here’s the photo what roblox studio looks like,0,157,2020-11-20T12:18:40-0500
"Roblox Support Page ""Too many attempts"" Issue",https://www.robloxforum.com/threads/roblox-support-page-too-many-attempts-issue.82131/post-482678,482678,Help,"I was just banned roughly 2 hours ago for the reason of ""Roblox"". I don't know why, nor who reported me. Every time I try to submit a appeal for my account it says an error that I have submitted too many attempts. I haven't submitted any appeal at all but keep trying. I've literally tried with a...",1,970,2021-08-12T18:47:18-0400
Roblox screwed a few PC models over.,https://www.robloxforum.com/threads/roblox-screwed-a-few-pc-models-over.32759/post-152795,152795,Everything Roblox,"Do any of you remember when roblox made EVERY mobile device laggy for EVERY game? they decided to strike another hit with the PC.
September 23rd, 2018 They released some type of update similar with the one they released in 2017 where all devices on mobile were laggy and unable to play.
On...",0,208,2018-09-25T15:51:23-0400
Roblox VC problem,https://www.robloxforum.com/threads/roblox-vc-problem.97864/post-572106,572106,Help,"When i join a roblox game(that allows vc) when I unmute my mic, the green goes up and down when talking but no one can hear me. Does anyone know a solution to this problem? Or is this a roblox problem and I should wait for it to get fixed?(I'm not the only one with this problem)",1,89,2022-04-28T13:35:37-0400
Roblox ban appeals,https://www.robloxforum.com/threads/roblox-ban-appeals.89739/post-528652,528652,Everything Roblox,"Hey, guys, why roblox ban appeals working so bad? Maybe bot checker is real?
Seriously, Ik it was long time ago (3 months) but i got banned for 7 days and in first day i did ban appeal, and admins dont respond at it lol, even after unban",2,282,2021-11-21T04:39:53-0500
Roblox crashed again!,https://www.robloxforum.com/threads/roblox-crashed-again.82966/post-488539,488539,Everything Roblox,yay!,0,119,2021-08-22T14:59:15-0400
Roblox spam audio? | Roblox spam API audio,https://www.robloxforum.com/threads/roblox-spam-audio-roblox-spam-api-audio.15838/post-99332,99332,Everything Roblox,"Some of you may have known that roblox has started posting audios which are for the later roblox copyright fix.
This means theres no copyright sounds.
What is copyright you ask?
Its when you copy someone elses content with out perm
Now the main reason is ive been seeing alot of them and also...",0,411,2018-06-07T04:32:49-0400
Roblox expedition ep 5: DOOMSPIRE BRICKBATTLE 0-0,https://www.robloxforum.com/threads/roblox-expedition-ep-5-doomspire-brickbattle-0-0.12723/post-76484,76484,Everything Roblox,"Hello everyball! Welcome to a new episode of...Roblox expedition!!!
Today we are taking a look at the ""Best"" game on roblox
We are of course talking about DOOMSPIRE BRICKBATTLE!
(Bdw the game is ****)
So lets get right into it shall we!
So as we join the game,we are greeted with this!
(So...",3,474,2018-05-08T12:53:19-0400
Roblox Keep Crashing!!,https://www.robloxforum.com/threads/roblox-keep-crashing.35648/post-172324,172324,Help,"My Roblox Is keep on crashing after the Rhtro Update came.
Please Help",6,823,2018-12-01T14:02:00-0500
Roblox's Future :3,https://www.robloxforum.com/threads/robloxs-future-3.40816/post-197280,197280,Everything Roblox,"Nice to see that Roblox games are improving a lot!
( go play the game cuz RF shows that the another picture is too large to upload )
Name of the game: The Canyon (TEASER)
[ Note: The controls are too bad ]",4,525,2019-06-14T12:50:32-0400
Roblox ripoff,https://www.robloxforum.com/threads/roblox-ripoff.45417/post-232166,232166,Everything Roblox,I have been a member of roblox for a couple years now I have put alot of money and time into the game. I was hacked over 500 dollars over the weekend in the game I called my bank since u cannot reach a human at roblox. Roblox deleted my account for their error. I have made numerous attempts to...,2,348,2020-02-12T17:40:11-0500
Roblox stops working after closing it for the first time,https://www.robloxforum.com/threads/roblox-stops-working-after-closing-it-for-the-first-time.14208/post-88986,88986,Help,"Now whenever i open Roblox, i get an error message saying ""An unexpected error occurred and Roblox need to quit. We're sorry!"" I even tried doing a factory reset on my PC (Windows 10) and the same thing happened. The Windows Store version of Roblox works perfectly, though. This also, weirdly...",2,489,2018-05-22T21:17:26-0400
Roblox banned in certain countries,https://www.robloxforum.com/threads/roblox-banned-in-certain-countries.38683/post-185516,185516,Everything Roblox,"This is probably my only post on here. Roblox was banned in Jordan, United Arab Emirates, and obviously North Korea. Most recently the UAE.
UAE:
The ban is regarded as political. Couldn't find reliable sources
Many websites claim that the ban was because that Roblox was banned because it was...",6,8K,2019-04-04T09:20:56-0400
roblox ad,https://www.robloxforum.com/threads/roblox-ad.72745/post-410916,410916,Everything Roblox,"hey, does anyone have that roblox ad that i saw a few months back (but dk if i was dreaming or not) where luna the galactic popstar brutally murdered a demon lord by bringing down a large box of french fries, crushing his body and killing him in an instant? heres a visualization:
by the way...",2,313,2021-05-07T22:45:19-0400
Roblox middle experienced scripter - Available,https://www.robloxforum.com/threads/roblox-middle-experienced-scripter-available.66095/post-358958,358958,Scripting,"Hello Everyone!
I'm a Roblox middle experienced scripter, I only accept payments of robux which a group is needed.
My work payments start and end low.
To ask me what abilities I have and I could do, Please contact my discord: Projosh00#6732
Incase you may ask, I am not a high payment lover...",0,178,2021-02-20T15:00:20-0500
Roblox Realism: Is it a leap forward?,https://www.robloxforum.com/threads/roblox-realism-is-it-a-leap-forward.60904/post-329021,329021,Everything Roblox,"Note: This is my opinion just copied from the DevForum!
DevForum Members+ reply here: https://devforum.roblox.com/t/roblox-realism-is-it-a-leap-forward/935728
Hiya, devs!
I've been thinking about this for a very long time.
Now, what do I mean by realism?
Roblox has been making more realistic...",3,250,2020-12-20T16:54:32-0500
Roblox Holiday Memories,https://www.robloxforum.com/threads/roblox-holiday-memories.67070/post-365518,365518,Everything Roblox,Post your Roblox pictures taken during the holidays! I took this one with Santa in Bloxburg.,10,486,2021-03-04T11:39:12-0500
Roblox Studio login problem.,https://www.robloxforum.com/threads/roblox-studio-login-problem.37872/post-181698,181698,Help,"I recently opened Roblox Studio and tried logging in, it gave me an error message saying that I need to login through the browser, so I did, but after the ""Logging in.."" thing appears, it just goes back to the login screen. Sorry what?",4,961,2019-02-15T11:09:47-0500
Roblox freezing,https://www.robloxforum.com/threads/roblox-freezing.101500/post-589002,589002,Help,I have this problem where my roblox game will freeze but it's really weird. The other players will stop moving and I can't see any new messages in chatbox but I can still walk around the game and I'm pretty sure the other people can still see me moving too. Also I can still hear people in the...,1,59,2022-07-21T17:10:53-0400
Roblox Studio Help Please,https://www.robloxforum.com/threads/roblox-studio-help-please.49103/post-255592,255592,Help,"Hi There,
I have loaded Roblox Studio, PRogram starts just fine. When trying to choose baseplate, i can choose it but after load screen, it wont load. Attached file shows what happens after i choose baseplate.
Uninstalled and REinstalled Roblox Studio
Nvidia1050 Ti and Intel 630 drivers are up...",0,200,2020-05-29T03:57:52-0400
Roblox Error 280,https://www.robloxforum.com/threads/roblox-error-280.77383/post-449802,449802,Help,"I have been trying to join a Roblox game for the past 2 hours but there is an error that keeps coming so I can't play.
I have tried to search and follow steps of multiple videos and articles but non of them work!
I tried to uninstall and install Roblox again, make sure Roblox is allowed to...",0,170,2021-06-24T07:27:56-0400
Roblox tournament how many people,https://www.robloxforum.com/threads/roblox-tournament-how-many-people.90732/post-534076,534076,Everything Roblox,"i might make a roblox tournament but idk how many people i should do
also if you want to be in the tournament type your roblox username in your reply
remember this tournament is for fun in roblox
There will be no more posts about tournament after this",9,287,2021-12-15T11:22:42-0500
Roblox- Voice Chat,https://www.robloxforum.com/threads/roblox-voice-chat.67616/post-369326,369326,Everything Roblox,As a member of roblox since 2010 i'd like to start a discussion on why i do not think roblox should add the new roblox communication feature (voice chat) https://devforum.roblox.com/t/release-notes-for-468/1083085/9,0,362,2021-03-09T16:50:40-0500
ROBLOX GAME MODELLER AND SCRIPTER NEEDED!!,https://www.robloxforum.com/threads/roblox-game-modeller-and-scripter-needed.88451/post-521039,521039,Game Design,"...a small upcoming game development/planner team. We're looking for expert builders who are willing to join our team and work with us on our new ROBLOX game. All details on the game will be disclosed in later conversations with recruits!
Roblox usernames:
Owner: Fooo00000
CoOwner...",0,143,2021-10-27T22:03:57-0400
Roblox Cancer Of The Year #4,https://www.robloxforum.com/threads/roblox-cancer-of-the-year-4.11157/post-64366,64366,Everything Roblox,"this crappy roblox video got 7m god d@mn views.
here are the other ones :
https://robloxforum.com/threads/roblox-cancer-of-the-year-1.11049/
https://robloxforum.com/threads/roblox-cancer-of-the-year-2.11077/
https://robloxforum.com/threads/roblox-cancer-of-the-year-3.11090/
ty to @Captcinn...",2,466,2018-04-20T15:30:38-0400
"Roblox game card Credit, need help",https://www.robloxforum.com/threads/roblox-game-card-credit-need-help.35251/post-170289,170289,Help,"I got a 10$ roblox card, and i bought BC, but now i don't have enough for the cheapest robux, is there a way that i can spend 1$ worth of roblox credit for 100 robux? or will i have to buy another card and then buy 4.95$ worth of robux? help.",2,430,2018-11-24T15:22:37-0500
Roblox Premium is BUGGED,https://www.robloxforum.com/threads/roblox-premium-is-bugged.43366/post-215155,215155,Help,"Hello,
So I bought ROBLOX Premium and everything's good BUT. I cannot sell clothes..
When I try to sell shirts/pants/t shirts it tells me to buy Premium while I already have it..
My friends who have Premium have the same problem so please fix this ROBLOX as fast as possible.",1,488,2019-10-31T17:43:47-0400
roblox just uploaded the very first video files,https://www.robloxforum.com/threads/roblox-just-uploaded-the-very-first-video-files.49757/post-259575,259575,Everything Roblox,"https://www.roblox.com/library/5191037133/SW-0-00001-webm-enc-webm
https://www.roblox.com/library/5191040150/sw-enc-test-1
https://www.roblox.com/library/5191042215/sw-enc-test-2
https://www.roblox.com/library/5191046409/sw-enc-test-4
i dont know what they are, but they exist",13,602,2020-06-16T16:17:31-0400
Roblox,https://www.robloxforum.com/threads/roblox.70216/post-389401,389401,Everything Roblox,i like this roblox formROBLOX,1,186,2021-04-06T13:44:54-0400
ROBLOX Catalog Item Maker | Join Today!,https://www.robloxforum.com/threads/roblox-catalog-item-maker-join-today.2853/post-21826,21826,Everything Roblox,Join ROBLOX Catalog Item Maker on ROBLOX today! The group gets to make catalog items to be sent to ROBLOX! You can do so much! Join today!,15,3K,2018-02-17T18:59:25-0500
Roblox Studio keeps reinstalling,https://www.robloxforum.com/threads/roblox-studio-keeps-reinstalling.42025/post-205369,205369,Help,"Whenever I launch Roblox Studio, it starts installing. It keeps reinstalling at start-up from last one month. i tried to uninstall and install it again but this keeps happening.
How to fix this?",0,1K,2019-08-16T03:50:58-0400
Dear roblox i got hacked and i would really like to get my account back its called Itsmevinamaddmeback and i hope u guys can help me get it back,https://www.robloxforum.com/threads/dear-roblox-i-got-hacked-and-i-would-really-like-to-get-my-account-back-its-called-itsmevinamaddmeback-and-i-hope-u-guys-can-help-me-get-it-back.101334/post-588380,588380,Help,"Dear roblox i got hacked and i would really like to get my account back its called Itsmevinamaddmeback and i hope u guys can help me get it back
Dear roblox i got hacked and i would really like to get my account back its called Itsmevinamaddmeback and i hope u guys can help me get it back
And...",1,89,2022-07-18T17:18:40-0400
Roblox characters in watercolor,https://www.robloxforum.com/threads/roblox-characters-in-watercolor.33909/post-160788,160788,Game Design,"My son has been playing Roblox for a while and is slowly teaching me to play. I'm not very good so instead I have been doing paintings based on some of the characters:
I also have some videos on YouTube showing how I made these and also Baconhair:",17,2K,2018-10-23T11:12:39-0400
Roblox did an oopsie,https://www.robloxforum.com/threads/roblox-did-an-oopsie.37862/post-181649,181649,Everything Roblox,"Roblox's reputation atm:
Roblox after they unban pewdiepie:",8,981,2019-02-14T12:09:17-0500
roblox x discord,https://www.robloxforum.com/threads/roblox-x-discord.60874/post-328797,328797,Everything Roblox,"imagine discord in roblox cursing calling telling people private information :rolleyes: to gangsters beefing smashing IRL, not things a world that would smash the Roblox universe platform",1,178,2020-12-20T11:28:35-0500
roblox username,https://www.robloxforum.com/threads/roblox-username.51217/post-267743,267743,Everything Roblox,"anyone have a roblox username that they are really surprised they got away with?
mines 'kysloz' and im very shocked it wasnt inappropriate for roblox
anyone else?",0,182,2020-07-21T13:29:33-0400
ROBLOX ACCOUNT HACKED AND DELETED,https://www.robloxforum.com/threads/roblox-account-hacked-and-deleted.94984/post-558544,558544,Help,My 10 years old roblox account deleted for wrong.My computer had a virus and i know who do this so (hacker) maked +18 games on my account roblox studio and my account deleted.How i revive please help..,5,223,2022-03-05T16:22:04-0500
Roblox avatar drawing,https://www.robloxforum.com/threads/roblox-avatar-drawing.66806/post-363581,363581,Everything Roblox,"i can draw your Roblox avatar for 7 robux if you want it add me on discord at Cola#1301
I can also make gfx edits with a 3d Roblox avatars
just so you know i can make stuff",5,516,2021-03-01T00:08:56-0500
roblox moderation..,https://www.robloxforum.com/threads/roblox-moderation.100644/post-584766,584766,Help,"as I saw a lot of people outraged by the moderation of roblox, I came here for the same reason, although it has happened for some time I want to comment on this, about 1 week ago I was banned on roblox, thinking what the reason was, I read the message from roblox that said that I had been banned...",2,101,2022-07-05T06:40:15-0400
Roblox Review,https://www.robloxforum.com/threads/roblox-review.45862/post-234795,234795,Everything Roblox,It’s Roblox.... it’s good...,1,177,2020-03-09T07:00:45-0400
Roblox Creepypasta Thread,https://www.robloxforum.com/threads/roblox-creepypasta-thread.54510/post-284467,284467,General Discussion,Post your ROBLOX-related creepypastas here!,4,346,2020-09-16T17:43:32-0400
Roblox Stories Thread,https://www.robloxforum.com/threads/roblox-stories-thread.59942/post-321879,321879,Off Topic Lounge,Post random roblox stories here,2,192,2020-12-10T23:43:30-0500
I love roblox,https://www.robloxforum.com/threads/i-love-roblox.64170/post-347543,347543,Everything Roblox,Roblox fanatics,7,405,2021-01-28T13:39:33-0500
very nice roblox,https://www.robloxforum.com/threads/very-nice-roblox.87926/post-517677,517677,Everything Roblox,roblox moderation in a nutshell,20,539,2021-10-20T01:46:40-0400
Roblox be like,https://www.robloxforum.com/threads/roblox-be-like.72704/post-410592,410592,Everything Roblox,This is roblox in a nutshell,8,429,2021-05-07T13:02:07-0400
Roblox or Fornite?,https://www.robloxforum.com/threads/roblox-or-fornite.18888/post-115511,115511,Everything Roblox,I would pick Roblox.,1,323,2018-07-10T13:05:20-0400
Roblox Down...,https://www.robloxforum.com/threads/roblox-down.61658/post-333879,333879,Everything Roblox,"Wake up Devs, Roblox down",0,117,2020-12-30T20:55:30-0500
Would you rather (Roblox),https://www.robloxforum.com/threads/would-you-rather-roblox.67629/post-369418,369418,General Discussion,Roblox Would you rather,7,394,2021-03-09T20:15:11-0500
roblox is this allowed?,https://www.robloxforum.com/threads/roblox-is-this-allowed.79565/post-464823,464823,Off Topic Lounge,is the allowed roblox?,2,134,2021-07-16T11:03:24-0400
Roblox,https://www.robloxforum.com/threads/roblox.51796/post-270952,270952,Everything Roblox,Just updated my Roblox profile.,1,143,2020-08-02T20:18:07-0400
what i like about roblox,https://www.robloxforum.com/threads/what-i-like-about-roblox.37454/post-179855,179855,Everything Roblox,"roblox is so fun, meepcity",2,238,2019-01-22T14:33:19-0500
